Domain Code,Domain,Reporter Country Code (M49),Reporter Countries,Partner Country Code (M49),Partner Countries,Element Code,Element,Item Code (CPC),Item,Year Code,Year,Unit,Value,Flag,Flag Description
"TM","Detailed trade matrix","032","Argentina","818","Egypt","5910","Export quantity","0111","Wheat","2016","2016","t","189000","A","Official value"
"TM","Detailed trade matrix","032","Argentina","818","Egypt","5910","Export quantity","0111","Wheat","2017","2017","t","126000","A","Official value"
"TM","Detailed trade matrix","032","Argentina","729","Sudan","5910","Export quantity","0111","Wheat","2016","2016","t","87461","A","Official value"
"TM","Detailed trade matrix","032","Argentina","729","Sudan","5910","Export quantity","0111","Wheat","2017","2017","t","83736","A","Official value"
"TM","Detailed trade matrix","032","Argentina","788","Tunisia","5910","Export quantity","0111","Wheat","2016","2016","t","11000","A","Official value"
"TM","Detailed trade matrix","032","Argentina","788","Tunisia","5910","Export quantity","0111","Wheat","2017","2017","t","78450","A","Official value"
"TM","Detailed trade matrix","036","Australia","818","Egypt","5910","Export quantity","0111","Wheat","2015","2015","t","472182.07","A","Official value"
"TM","Detailed trade matrix","036","Australia","818","Egypt","5910","Export quantity","0111","Wheat","2016","2016","t","171547.66","A","Official value"
"TM","Detailed trade matrix","036","Australia","818","Egypt","5910","Export quantity","0111","Wheat","2017","2017","t","150107.91","A","Official value"
"TM","Detailed trade matrix","036","Australia","818","Egypt","5910","Export quantity","0111","Wheat","2018","2018","t","178105.2","A","Official value"
"TM","Detailed trade matrix","036","Australia","818","Egypt","5910","Export quantity","0111","Wheat","2019","2019","t","66710.9","A","Official value"
"TM","Detailed trade matrix","036","Australia","818","Egypt","5910","Export quantity","0111","Wheat","2020","2020","t","292105.46","A","Official value"
"TM","Detailed trade matrix","036","Australia","818","Egypt","5910","Export quantity","0111","Wheat","2021","2021","t","320570.4","A","Official value"
"TM","Detailed trade matrix","036","Australia","818","Egypt","5910","Export quantity","0111","Wheat","2022","2022","t","140323.1","A","Official value"
"TM","Detailed trade matrix","036","Australia","818","Egypt","5910","Export quantity","0111","Wheat","2023","2023","t","117606.03","A","Official value"
"TM","Detailed trade matrix","036","Australia","818","Egypt","5910","Export quantity","0111","Wheat","2024","2024","t","12166.94","A","Official value"
"TM","Detailed trade matrix","036","Australia","634","Qatar","5910","Export quantity","0111","Wheat","2015","2015","t","81000","A","Official value"
"TM","Detailed trade matrix","036","Australia","634","Qatar","5910","Export quantity","0111","Wheat","2018","2018","t","20881.2","A","Official value"
"TM","Detailed trade matrix","036","Australia","634","Qatar","5910","Export quantity","0111","Wheat","2020","2020","t","42000","A","Official value"
"TM","Detailed trade matrix","036","Australia","634","Qatar","5910","Export quantity","0111","Wheat","2021","2021","t","62783.2","A","Official value"
"TM","Detailed trade matrix","036","Australia","634","Qatar","5910","Export quantity","0111","Wheat","2022","2022","t","42000","A","Official value"
"TM","Detailed trade matrix","036","Australia","634","Qatar","5910","Export quantity","0111","Wheat","2023","2023","t","62636.2","A","Official value"
"TM","Detailed trade matrix","036","Australia","634","Qatar","5910","Export quantity","0111","Wheat","2024","2024","t","83570","A","Official value"
"TM","Detailed trade matrix","036","Australia","702","Singapore","5910","Export quantity","0111","Wheat","2015","2015","t","127816","A","Official value"
"TM","Detailed trade matrix","036","Australia","702","Singapore","5910","Export quantity","0111","Wheat","2016","2016","t","96961.46","A","Official value"
"TM","Detailed trade matrix","036","Australia","702","Singapore","5910","Export quantity","0111","Wheat","2017","2017","t","124350.46","A","Official value"
"TM","Detailed trade matrix","036","Australia","702","Singapore","5910","Export quantity","0111","Wheat","2018","2018","t","109681.23","A","Official value"
"TM","Detailed trade matrix","036","Australia","702","Singapore","5910","Export quantity","0111","Wheat","2019","2019","t","103122","A","Official value"
"TM","Detailed trade matrix","036","Australia","702","Singapore","5910","Export quantity","0111","Wheat","2020","2020","t","111086.35","A","Official value"
"TM","Detailed trade matrix","036","Australia","702","Singapore","5910","Export quantity","0111","Wheat","2021","2021","t","108995.27","A","Official value"
"TM","Detailed trade matrix","036","Australia","702","Singapore","5910","Export quantity","0111","Wheat","2022","2022","t","67496.2","A","Official value"
"TM","Detailed trade matrix","036","Australia","702","Singapore","5910","Export quantity","0111","Wheat","2023","2023","t","113407.55","A","Official value"
"TM","Detailed trade matrix","036","Australia","702","Singapore","5910","Export quantity","0111","Wheat","2024","2024","t","93434.32","A","Official value"
"TM","Detailed trade matrix","036","Australia","729","Sudan","5910","Export quantity","0111","Wheat","2015","2015","t","207910.02","A","Official value"
"TM","Detailed trade matrix","036","Australia","729","Sudan","5910","Export quantity","0111","Wheat","2018","2018","t","11000","A","Official value"
"TM","Detailed trade matrix","036","Australia","729","Sudan","5910","Export quantity","0111","Wheat","2021","2021","t","226075.6","A","Official value"
"TM","Detailed trade matrix","036","Australia","729","Sudan","5910","Export quantity","0111","Wheat","2022","2022","t","592864.1","A","Official value"
"TM","Detailed trade matrix","036","Australia","788","Tunisia","5910","Export quantity","0111","Wheat","2023","2023","t","27500","A","Official value"
"TM","Detailed trade matrix","036","Australia","887","Yemen","5910","Export quantity","0111","Wheat","2015","2015","t","1087411.33","A","Official value"
"TM","Detailed trade matrix","036","Australia","887","Yemen","5910","Export quantity","0111","Wheat","2016","2016","t","781873.58","A","Official value"
"TM","Detailed trade matrix","036","Australia","887","Yemen","5910","Export quantity","0111","Wheat","2017","2017","t","833947.43","A","Official value"
"TM","Detailed trade matrix","036","Australia","887","Yemen","5910","Export quantity","0111","Wheat","2018","2018","t","474185","A","Official value"
"TM","Detailed trade matrix","036","Australia","887","Yemen","5910","Export quantity","0111","Wheat","2019","2019","t","647827","A","Official value"
"TM","Detailed trade matrix","036","Australia","887","Yemen","5910","Export quantity","0111","Wheat","2020","2020","t","474678.3","A","Official value"
"TM","Detailed trade matrix","036","Australia","887","Yemen","5910","Export quantity","0111","Wheat","2021","2021","t","856726","A","Official value"
"TM","Detailed trade matrix","036","Australia","887","Yemen","5910","Export quantity","0111","Wheat","2022","2022","t","962078.2","A","Official value"
"TM","Detailed trade matrix","036","Australia","887","Yemen","5910","Export quantity","0111","Wheat","2023","2023","t","1352588","A","Official value"
"TM","Detailed trade matrix","036","Australia","887","Yemen","5910","Export quantity","0111","Wheat","2024","2024","t","1583928.6","A","Official value"
"TM","Detailed trade matrix","040","Austria","818","Egypt","5910","Export quantity","0113","Rice","2015","2015","t","0.04","A","Official value"
"TM","Detailed trade matrix","040","Austria","702","Singapore","5910","Export quantity","0113","Rice","2017","2017","t","0","A","Official value"
"TM","Detailed trade matrix","050","Bangladesh","634","Qatar","5910","Export quantity","0113","Rice","2015","2015","t","0.48","A","Official value"
"TM","Detailed trade matrix","050","Bangladesh","702","Singapore","5910","Export quantity","0113","Rice","2015","2015","t","15.51","A","Official value"
"TM","Detailed trade matrix","056","Belgium","818","Egypt","5910","Export quantity","0111","Wheat","2015","2015","t","0.24","A","Official value"
"TM","Detailed trade matrix","056","Belgium","634","Qatar","5910","Export quantity","0113","Rice","2022","2022","t","0.34","A","Official value"
"TM","Detailed trade matrix","056","Belgium","634","Qatar","5910","Export quantity","0111","Wheat","2016","2016","t","11.1","A","Official value"
"TM","Detailed trade matrix","056","Belgium","634","Qatar","5910","Export quantity","0111","Wheat","2017","2017","t","1.2","A","Official value"
"TM","Detailed trade matrix","056","Belgium","634","Qatar","5910","Export quantity","0111","Wheat","2018","2018","t","1.1","A","Official value"
"TM","Detailed trade matrix","056","Belgium","634","Qatar","5910","Export quantity","0111","Wheat","2019","2019","t","1.53","A","Official value"
"TM","Detailed trade matrix","056","Belgium","634","Qatar","5910","Export quantity","0111","Wheat","2021","2021","t","0.25","A","Official value"
"TM","Detailed trade matrix","056","Belgium","634","Qatar","5910","Export quantity","0111","Wheat","2022","2022","t","1","A","Official value"
"TM","Detailed trade matrix","056","Belgium","702","Singapore","5910","Export quantity","0111","Wheat","2021","2021","t","0.16","A","Official value"
"TM","Detailed trade matrix","056","Belgium","702","Singapore","5910","Export quantity","0111","Wheat","2024","2024","t","0","A","Official value"
"TM","Detailed trade matrix","056","Belgium","788","Tunisia","5910","Export quantity","0111","Wheat","2015","2015","t","16500","A","Official value"
"TM","Detailed trade matrix","076","Brazil","818","Egypt","5910","Export quantity","0111","Wheat","2022","2022","t","46222.34","A","Official value"
"TM","Detailed trade matrix","076","Brazil","634","Qatar","5910","Export quantity","0113","Rice","2020","2020","t","0.25","A","Official value"
"TM","Detailed trade matrix","076","Brazil","702","Singapore","5910","Export quantity","0113","Rice","2018","2018","t","1.11","A","Official value"
"TM","Detailed trade matrix","076","Brazil","702","Singapore","5910","Export quantity","0113","Rice","2019","2019","t","4.08","A","Official value"
"TM","Detailed trade matrix","076","Brazil","702","Singapore","5910","Export quantity","0113","Rice","2020","2020","t","6.95","A","Official value"
"TM","Detailed trade matrix","076","Brazil","702","Singapore","5910","Export quantity","0113","Rice","2021","2021","t","5.2","A","Official value"
"TM","Detailed trade matrix","076","Brazil","702","Singapore","5910","Export quantity","0113","Rice","2022","2022","t","2.69","A","Official value"
"TM","Detailed trade matrix","076","Brazil","702","Singapore","5910","Export quantity","0113","Rice","2023","2023","t","6.34","A","Official value"
"TM","Detailed trade matrix","076","Brazil","702","Singapore","5910","Export quantity","0113","Rice","2024","2024","t","2.94","A","Official value"
"TM","Detailed trade matrix","076","Brazil","702","Singapore","5910","Export quantity","0111","Wheat","2019","2019","t","0.05","A","Official value"
"TM","Detailed trade matrix","076","Brazil","702","Singapore","5910","Export quantity","0111","Wheat","2020","2020","t","0.06","A","Official value"
"TM","Detailed trade matrix","076","Brazil","729","Sudan","5910","Export quantity","0113","Rice","2024","2024","t","2.4","A","Official value"
"TM","Detailed trade matrix","076","Brazil","729","Sudan","5910","Export quantity","0111","Wheat","2020","2020","t","0.04","A","Official value"
"TM","Detailed trade matrix","076","Brazil","729","Sudan","5910","Export quantity","0111","Wheat","2022","2022","t","218020.06","A","Official value"
"TM","Detailed trade matrix","076","Brazil","729","Sudan","5910","Export quantity","0111","Wheat","2023","2023","t","67231","A","Official value"
"TM","Detailed trade matrix","096","Brunei Darussalam","702","Singapore","5910","Export quantity","0113","Rice","2021","2021","t","0","A","Official value"
"TM","Detailed trade matrix","100","Bulgaria","818","Egypt","5910","Export quantity","0111","Wheat","2015","2015","t","53103","A","Official value"
"TM","Detailed trade matrix","100","Bulgaria","818","Egypt","5910","Export quantity","0111","Wheat","2016","2016","t","36201","A","Official value"
"TM","Detailed trade matrix","100","Bulgaria","818","Egypt","5910","Export quantity","0111","Wheat","2017","2017","t","82585.07","A","Official value"
"TM","Detailed trade matrix","100","Bulgaria","818","Egypt","5910","Export quantity","0111","Wheat","2018","2018","t","62076.4","A","Official value"
"TM","Detailed trade matrix","100","Bulgaria","818","Egypt","5910","Export quantity","0111","Wheat","2019","2019","t","40016.2","A","Official value"
"TM","Detailed trade matrix","100","Bulgaria","818","Egypt","5910","Export quantity","0111","Wheat","2020","2020","t","52551","A","Official value"
"TM","Detailed trade matrix","100","Bulgaria","818","Egypt","5910","Export quantity","0111","Wheat","2022","2022","t","215771","A","Official value"
"TM","Detailed trade matrix","100","Bulgaria","818","Egypt","5910","Export quantity","0111","Wheat","2023","2023","t","198628.8","A","Official value"
"TM","Detailed trade matrix","100","Bulgaria","818","Egypt","5910","Export quantity","0111","Wheat","2024","2024","t","451346.9","A","Official value"
"TM","Detailed trade matrix","100","Bulgaria","634","Qatar","5910","Export quantity","0111","Wheat","2020","2020","t","22.2","A","Official value"
"TM","Detailed trade matrix","100","Bulgaria","706","Somalia","5910","Export quantity","0111","Wheat","2016","2016","t","4066.65","A","Official value"
"TM","Detailed trade matrix","100","Bulgaria","729","Sudan","5910","Export quantity","0111","Wheat","2017","2017","t","171851.3","A","Official value"
"TM","Detailed trade matrix","100","Bulgaria","729","Sudan","5910","Export quantity","0111","Wheat","2019","2019","t","75008.5","A","Official value"
"TM","Detailed trade matrix","100","Bulgaria","729","Sudan","5910","Export quantity","0111","Wheat","2020","2020","t","132444","A","Official value"
"TM","Detailed trade matrix","100","Bulgaria","788","Tunisia","5910","Export quantity","0111","Wheat","2015","2015","t","78628","A","Official value"
"TM","Detailed trade matrix","100","Bulgaria","788","Tunisia","5910","Export quantity","0111","Wheat","2016","2016","t","104312.26","A","Official value"
"TM","Detailed trade matrix","100","Bulgaria","788","Tunisia","5910","Export quantity","0111","Wheat","2017","2017","t","20652.54","A","Official value"
"TM","Detailed trade matrix","100","Bulgaria","788","Tunisia","5910","Export quantity","0111","Wheat","2018","2018","t","35301.2","A","Official value"
"TM","Detailed trade matrix","100","Bulgaria","788","Tunisia","5910","Export quantity","0111","Wheat","2019","2019","t","93813.96","A","Official value"
"TM","Detailed trade matrix","100","Bulgaria","788","Tunisia","5910","Export quantity","0111","Wheat","2020","2020","t","92358.49","A","Official value"
"TM","Detailed trade matrix","100","Bulgaria","788","Tunisia","5910","Export quantity","0111","Wheat","2021","2021","t","374256.9","A","Official value"
"TM","Detailed trade matrix","100","Bulgaria","788","Tunisia","5910","Export quantity","0111","Wheat","2022","2022","t","441745.51","A","Official value"
"TM","Detailed trade matrix","100","Bulgaria","788","Tunisia","5910","Export quantity","0111","Wheat","2023","2023","t","347453.5","A","Official value"
"TM","Detailed trade matrix","100","Bulgaria","788","Tunisia","5910","Export quantity","0111","Wheat","2024","2024","t","105842.23","A","Official value"
"TM","Detailed trade matrix","100","Bulgaria","887","Yemen","5910","Export quantity","0111","Wheat","2015","2015","t","38483.5","A","Official value"
"TM","Detailed trade matrix","100","Bulgaria","887","Yemen","5910","Export quantity","0111","Wheat","2016","2016","t","26625","A","Official value"
"TM","Detailed trade matrix","100","Bulgaria","887","Yemen","5910","Export quantity","0111","Wheat","2018","2018","t","35000","A","Official value"
"TM","Detailed trade matrix","100","Bulgaria","887","Yemen","5910","Export quantity","0111","Wheat","2019","2019","t","11200","A","Official value"
"TM","Detailed trade matrix","100","Bulgaria","887","Yemen","5910","Export quantity","0111","Wheat","2021","2021","t","30000","A","Official value"
"TM","Detailed trade matrix","124","Canada","818","Egypt","5910","Export quantity","0111","Wheat","2015","2015","t","40434","A","Official value"
"TM","Detailed trade matrix","124","Canada","818","Egypt","5910","Export quantity","0111","Wheat","2018","2018","t","46029","A","Official value"
"TM","Detailed trade matrix","124","Canada","818","Egypt","5910","Export quantity","0111","Wheat","2019","2019","t","63584","A","Official value"
"TM","Detailed trade matrix","124","Canada","818","Egypt","5910","Export quantity","0111","Wheat","2020","2020","t","35324","A","Official value"
"TM","Detailed trade matrix","124","Canada","818","Egypt","5910","Export quantity","0111","Wheat","2021","2021","t","2992","A","Official value"
"TM","Detailed trade matrix","124","Canada","818","Egypt","5910","Export quantity","0111","Wheat","2022","2022","t","5627","A","Official value"
"TM","Detailed trade matrix","124","Canada","818","Egypt","5910","Export quantity","0111","Wheat","2023","2023","t","67115","A","Official value"
"TM","Detailed trade matrix","124","Canada","818","Egypt","5910","Export quantity","0111","Wheat","2024","2024","t","41926","A","Official value"
"TM","Detailed trade matrix","124","Canada","634","Qatar","5910","Export quantity","0111","Wheat","2019","2019","t","45660","A","Official value"
"TM","Detailed trade matrix","124","Canada","702","Singapore","5910","Export quantity","0111","Wheat","2015","2015","t","3012","A","Official value"
"TM","Detailed trade matrix","124","Canada","702","Singapore","5910","Export quantity","0111","Wheat","2016","2016","t","2561","A","Official value"
"TM","Detailed trade matrix","124","Canada","702","Singapore","5910","Export quantity","0111","Wheat","2017","2017","t","3230.16","A","Official value"
"TM","Detailed trade matrix","124","Canada","702","Singapore","5910","Export quantity","0111","Wheat","2018","2018","t","27438.08","I","Value imputed by a receiving agency"
"TM","Detailed trade matrix","124","Canada","702","Singapore","5910","Export quantity","0111","Wheat","2019","2019","t","18168","A","Official value"
"TM","Detailed trade matrix","124","Canada","702","Singapore","5910","Export quantity","0111","Wheat","2020","2020","t","24390","A","Official value"
"TM","Detailed trade matrix","124","Canada","702","Singapore","5910","Export quantity","0111","Wheat","2021","2021","t","11717","A","Official value"
"TM","Detailed trade matrix","124","Canada","702","Singapore","5910","Export quantity","0111","Wheat","2022","2022","t","27095","A","Official value"
"TM","Detailed trade matrix","124","Canada","702","Singapore","5910","Export quantity","0111","Wheat","2023","2023","t","40777","A","Official value"
"TM","Detailed trade matrix","124","Canada","702","Singapore","5910","Export quantity","0111","Wheat","2024","2024","t","46571","A","Official value"
"TM","Detailed trade matrix","124","Canada","729","Sudan","5910","Export quantity","0111","Wheat","2015","2015","t","293850","A","Official value"
"TM","Detailed trade matrix","124","Canada","729","Sudan","5910","Export quantity","0111","Wheat","2016","2016","t","127998","A","Official value"
"TM","Detailed trade matrix","124","Canada","729","Sudan","5910","Export quantity","0111","Wheat","2018","2018","t","78001","A","Official value"
"TM","Detailed trade matrix","124","Canada","729","Sudan","5910","Export quantity","0111","Wheat","2020","2020","t","54127","A","Official value"
"TM","Detailed trade matrix","124","Canada","729","Sudan","5910","Export quantity","0111","Wheat","2021","2021","t","118299","A","Official value"
"TM","Detailed trade matrix","124","Canada","729","Sudan","5910","Export quantity","0111","Wheat","2022","2022","t","43997","A","Official value"
"TM","Detailed trade matrix","124","Canada","729","Sudan","5910","Export quantity","0111","Wheat","2023","2023","t","137805","A","Official value"
"TM","Detailed trade matrix","124","Canada","788","Tunisia","5910","Export quantity","0111","Wheat","2015","2015","t","195704","A","Official value"
"TM","Detailed trade matrix","124","Canada","788","Tunisia","5910","Export quantity","0111","Wheat","2016","2016","t","98900","A","Official value"
"TM","Detailed trade matrix","124","Canada","788","Tunisia","5910","Export quantity","0111","Wheat","2017","2017","t","79258.56","A","Official value"
"TM","Detailed trade matrix","124","Canada","788","Tunisia","5910","Export quantity","0111","Wheat","2018","2018","t","13800","A","Official value"
"TM","Detailed trade matrix","124","Canada","788","Tunisia","5910","Export quantity","0111","Wheat","2019","2019","t","181781","A","Official value"
"TM","Detailed trade matrix","124","Canada","788","Tunisia","5910","Export quantity","0111","Wheat","2020","2020","t","325813.7","I","Value imputed by a receiving agency"
"TM","Detailed trade matrix","124","Canada","788","Tunisia","5910","Export quantity","0111","Wheat","2021","2021","t","151788","A","Official value"
"TM","Detailed trade matrix","124","Canada","788","Tunisia","5910","Export quantity","0111","Wheat","2022","2022","t","163569","A","Official value"
"TM","Detailed trade matrix","124","Canada","788","Tunisia","5910","Export quantity","0111","Wheat","2023","2023","t","161517","A","Official value"
"TM","Detailed trade matrix","156","China, mainland","004","Afghanistan","5910","Export quantity","0111","Wheat","2021","2021","t","2564","A","Official value"
"TM","Detailed trade matrix","156","China, mainland","004","Afghanistan","5910","Export quantity","0111","Wheat","2022","2022","t","780","A","Official value"
"TM","Detailed trade matrix","156","China, mainland","702","Singapore","5910","Export quantity","0113","Rice","2015","2015","t","1.05","A","Official value"
"TM","Detailed trade matrix","156","China, mainland","702","Singapore","5910","Export quantity","0113","Rice","2018","2018","t","0.21","A","Official value"
"TM","Detailed trade matrix","156","China, mainland","706","Somalia","5910","Export quantity","0111","Wheat","2022","2022","t","791","A","Official value"
"TM","Detailed trade matrix","156","China, mainland","729","Sudan","5910","Export quantity","0113","Rice","2022","2022","t","0.06","A","Official value"
"TM","Detailed trade matrix","158","China, Taiwan Province of","702","Singapore","5910","Export quantity","0111","Wheat","2021","2021","t","1.65","A","Official value"
"TM","Detailed trade matrix","384","Côte d'Ivoire","788","Tunisia","5910","Export quantity","0113","Rice","2022","2022","t","0.05","A","Official value"
"TM","Detailed trade matrix","191","Croatia","788","Tunisia","5910","Export quantity","0111","Wheat","2020","2020","t","15100","A","Official value"
"TM","Detailed trade matrix","191","Croatia","788","Tunisia","5910","Export quantity","0111","Wheat","2021","2021","t","4389.83","A","Official value"
"TM","Detailed trade matrix","191","Croatia","788","Tunisia","5910","Export quantity","0111","Wheat","2023","2023","t","37570","A","Official value"
"TM","Detailed trade matrix","208","Denmark","702","Singapore","5910","Export quantity","0111","Wheat","2021","2021","t","7.03","A","Official value"
"TM","Detailed trade matrix","208","Denmark","702","Singapore","5910","Export quantity","0111","Wheat","2022","2022","t","0.01","A","Official value"
"TM","Detailed trade matrix","818","Egypt","706","Somalia","5910","Export quantity","0111","Wheat","2024","2024","t","916.09","I","Value imputed by a receiving agency"
"TM","Detailed trade matrix","818","Egypt","729","Sudan","5910","Export quantity","0111","Wheat","2023","2023","t","2106.54","I","Value imputed by a receiving agency"
"TM","Detailed trade matrix","233","Estonia","729","Sudan","5910","Export quantity","0111","Wheat","2019","2019","t","75998.8","A","Official value"
"TM","Detailed trade matrix","246","Finland","818","Egypt","5910","Export quantity","0111","Wheat","2015","2015","t","0","A","Official value"
"TM","Detailed trade matrix","246","Finland","818","Egypt","5910","Export quantity","0111","Wheat","2016","2016","t","0","A","Official value"
"TM","Detailed trade matrix","246","Finland","706","Somalia","5910","Export quantity","0111","Wheat","2017","2017","t","0.39","A","Official value"
"TM","Detailed trade matrix","250","France","818","Egypt","5910","Export quantity","0113","Rice","2016","2016","t","0.34","A","Official value"
"TM","Detailed trade matrix","250","France","818","Egypt","5910","Export quantity","0111","Wheat","2015","2015","t","1562924","A","Official value"
"TM","Detailed trade matrix","250","France","818","Egypt","5910","Export quantity","0111","Wheat","2016","2016","t","633277.43","A","Official value"
"TM","Detailed trade matrix","250","France","818","Egypt","5910","Export quantity","0111","Wheat","2017","2017","t","247501.13","A","Official value"
"TM","Detailed trade matrix","250","France","818","Egypt","5910","Export quantity","0111","Wheat","2019","2019","t","751330","A","Official value"
"TM","Detailed trade matrix","250","France","818","Egypt","5910","Export quantity","0111","Wheat","2020","2020","t","746567","A","Official value"
"TM","Detailed trade matrix","250","France","818","Egypt","5910","Export quantity","0111","Wheat","2021","2021","t","252000","A","Official value"
"TM","Detailed trade matrix","250","France","818","Egypt","5910","Export quantity","0111","Wheat","2022","2022","t","1267323.06","A","Official value"
"TM","Detailed trade matrix","250","France","818","Egypt","5910","Export quantity","0111","Wheat","2023","2023","t","379628.54","A","Official value"
"TM","Detailed trade matrix","250","France","818","Egypt","5910","Export quantity","0111","Wheat","2024","2024","t","179650.63","A","Official value"
"TM","Detailed trade matrix","250","France","634","Qatar","5910","Export quantity","0113","Rice","2015","2015","t","1.2","A","Official value"
"TM","Detailed trade matrix","250","France","634","Qatar","5910","Export quantity","0113","Rice","2019","2019","t","0.31","A","Official value"
"TM","Detailed trade matrix","250","France","634","Qatar","5910","Export quantity","0111","Wheat","2020","2020","t","0.05","A","Official value"
"TM","Detailed trade matrix","250","France","634","Qatar","5910","Export quantity","0111","Wheat","2022","2022","t","1","A","Official value"
"TM","Detailed trade matrix","250","France","702","Singapore","5910","Export quantity","0113","Rice","2015","2015","t","0.1","A","Official value"
"TM","Detailed trade matrix","250","France","702","Singapore","5910","Export quantity","0111","Wheat","2015","2015","t","101.2","A","Official value"
"TM","Detailed trade matrix","250","France","702","Singapore","5910","Export quantity","0111","Wheat","2016","2016","t","204.3","A","Official value"
"TM","Detailed trade matrix","250","France","702","Singapore","5910","Export quantity","0111","Wheat","2017","2017","t","334.45","A","Official value"
"TM","Detailed trade matrix","250","France","702","Singapore","5910","Export quantity","0111","Wheat","2018","2018","t","316.84","A","Official value"
"TM","Detailed trade matrix","250","France","702","Singapore","5910","Export quantity","0111","Wheat","2019","2019","t","242.42","A","Official value"
"TM","Detailed trade matrix","250","France","702","Singapore","5910","Export quantity","0111","Wheat","2020","2020","t","545.6","A","Official value"
"TM","Detailed trade matrix","250","France","702","Singapore","5910","Export quantity","0111","Wheat","2021","2021","t","324.84","A","Official value"
"TM","Detailed trade matrix","250","France","702","Singapore","5910","Export quantity","0111","Wheat","2022","2022","t","528.54","A","Official value"
"TM","Detailed trade matrix","250","France","702","Singapore","5910","Export quantity","0111","Wheat","2023","2023","t","150.42","A","Official value"
"TM","Detailed trade matrix","250","France","788","Tunisia","5910","Export quantity","0111","Wheat","2015","2015","t","125412.05","A","Official value"
"TM","Detailed trade matrix","250","France","788","Tunisia","5910","Export quantity","0111","Wheat","2016","2016","t","265914.44","A","Official value"
"TM","Detailed trade matrix","250","France","788","Tunisia","5910","Export quantity","0111","Wheat","2017","2017","t","54758.63","A","Official value"
"TM","Detailed trade matrix","250","France","788","Tunisia","5910","Export quantity","0111","Wheat","2018","2018","t","67377.86","A","Official value"
"TM","Detailed trade matrix","250","France","788","Tunisia","5910","Export quantity","0111","Wheat","2019","2019","t","268702.87","A","Official value"
"TM","Detailed trade matrix","250","France","788","Tunisia","5910","Export quantity","0111","Wheat","2020","2020","t","61942.57","A","Official value"
"TM","Detailed trade matrix","250","France","788","Tunisia","5910","Export quantity","0111","Wheat","2021","2021","t","15382.36","A","Official value"
"TM","Detailed trade matrix","250","France","788","Tunisia","5910","Export quantity","0111","Wheat","2022","2022","t","168549.19","A","Official value"
"TM","Detailed trade matrix","250","France","788","Tunisia","5910","Export quantity","0111","Wheat","2023","2023","t","128761.73","A","Official value"
"TM","Detailed trade matrix","250","France","788","Tunisia","5910","Export quantity","0111","Wheat","2024","2024","t","2918.43","A","Official value"
"TM","Detailed trade matrix","250","France","887","Yemen","5910","Export quantity","0111","Wheat","2015","2015","t","241120.2","A","Official value"
"TM","Detailed trade matrix","250","France","887","Yemen","5910","Export quantity","0111","Wheat","2016","2016","t","183592","A","Official value"
"TM","Detailed trade matrix","250","France","887","Yemen","5910","Export quantity","0111","Wheat","2017","2017","t","89270","A","Official value"
"TM","Detailed trade matrix","250","France","887","Yemen","5910","Export quantity","0111","Wheat","2019","2019","t","161240.11","A","Official value"
"TM","Detailed trade matrix","250","France","887","Yemen","5910","Export quantity","0111","Wheat","2020","2020","t","169255","A","Official value"
"TM","Detailed trade matrix","250","France","887","Yemen","5910","Export quantity","0111","Wheat","2022","2022","t","325525.71","A","Official value"
"TM","Detailed trade matrix","276","Germany","818","Egypt","5910","Export quantity","0111","Wheat","2016","2016","t","79820","A","Official value"
"TM","Detailed trade matrix","276","Germany","818","Egypt","5910","Export quantity","0111","Wheat","2022","2022","t","121715.22","A","Official value"
"TM","Detailed trade matrix","276","Germany","702","Singapore","5910","Export quantity","0113","Rice","2016","2016","t","0.1","A","Official value"
"TM","Detailed trade matrix","276","Germany","702","Singapore","5910","Export quantity","0111","Wheat","2015","2015","t","3.8","A","Official value"
"TM","Detailed trade matrix","276","Germany","702","Singapore","5910","Export quantity","0111","Wheat","2018","2018","t","1.89","A","Official value"
"TM","Detailed trade matrix","276","Germany","702","Singapore","5910","Export quantity","0111","Wheat","2019","2019","t","26.33","A","Official value"
"TM","Detailed trade matrix","276","Germany","702","Singapore","5910","Export quantity","0111","Wheat","2020","2020","t","35.18","A","Official value"
"TM","Detailed trade matrix","276","Germany","729","Sudan","5910","Export quantity","0111","Wheat","2015","2015","t","163275","A","Official value"
"TM","Detailed trade matrix","276","Germany","729","Sudan","5910","Export quantity","0111","Wheat","2016","2016","t","185249.3","A","Official value"
"TM","Detailed trade matrix","276","Germany","729","Sudan","5910","Export quantity","0111","Wheat","2019","2019","t","182299.26","A","Official value"
"TM","Detailed trade matrix","276","Germany","729","Sudan","5910","Export quantity","0111","Wheat","2020","2020","t","271157.3","A","Official value"
"TM","Detailed trade matrix","276","Germany","729","Sudan","5910","Export quantity","0111","Wheat","2021","2021","t","58399.04","A","Official value"
"TM","Detailed trade matrix","276","Germany","729","Sudan","5910","Export quantity","0111","Wheat","2022","2022","t","51619.03","A","Official value"
"TM","Detailed trade matrix","276","Germany","788","Tunisia","5910","Export quantity","0111","Wheat","2023","2023","t","29000","A","Official value"
"TM","Detailed trade matrix","276","Germany","887","Yemen","5910","Export quantity","0111","Wheat","2015","2015","t","379023.8","A","Official value"
"TM","Detailed trade matrix","276","Germany","887","Yemen","5910","Export quantity","0111","Wheat","2016","2016","t","257615.8","A","Official value"
"TM","Detailed trade matrix","276","Germany","887","Yemen","5910","Export quantity","0111","Wheat","2017","2017","t","30250","A","Official value"
"TM","Detailed trade matrix","288","Ghana","634","Qatar","5910","Export quantity","0111","Wheat","2019","2019","t","0.02","A","Official value"
"TM","Detailed trade matrix","288","Ghana","634","Qatar","5910","Export quantity","0111","Wheat","2022","2022","t","0.5","A","Official value"
"TM","Detailed trade matrix","300","Greece","788","Tunisia","5910","Export quantity","0111","Wheat","2015","2015","t","5486.6","A","Official value"
"TM","Detailed trade matrix","300","Greece","788","Tunisia","5910","Export quantity","0111","Wheat","2016","2016","t","164240.84","A","Official value"
"TM","Detailed trade matrix","300","Greece","788","Tunisia","5910","Export quantity","0111","Wheat","2017","2017","t","103400.18","A","Official value"
"TM","Detailed trade matrix","300","Greece","788","Tunisia","5910","Export quantity","0111","Wheat","2018","2018","t","128371.5","A","Official value"
"TM","Detailed trade matrix","300","Greece","788","Tunisia","5910","Export quantity","0111","Wheat","2019","2019","t","59264.48","A","Official value"
"TM","Detailed trade matrix","300","Greece","788","Tunisia","5910","Export quantity","0111","Wheat","2020","2020","t","62873.02","A","Official value"
"TM","Detailed trade matrix","300","Greece","788","Tunisia","5910","Export quantity","0111","Wheat","2021","2021","t","92025.94","A","Official value"
"TM","Detailed trade matrix","300","Greece","788","Tunisia","5910","Export quantity","0111","Wheat","2022","2022","t","91238.57","A","Official value"
"TM","Detailed trade matrix","300","Greece","788","Tunisia","5910","Export quantity","0111","Wheat","2023","2023","t","47073.82","A","Official value"
"TM","Detailed trade matrix","300","Greece","788","Tunisia","5910","Export quantity","0111","Wheat","2024","2024","t","95334.36","A","Official value"
"TM","Detailed trade matrix","348","Hungary","634","Qatar","5910","Export quantity","0111","Wheat","2017","2017","t","0","A","Official value"
"TM","Detailed trade matrix","348","Hungary","702","Singapore","5910","Export quantity","0111","Wheat","2023","2023","t","925.39","A","Official value"
"TM","Detailed trade matrix","348","Hungary","702","Singapore","5910","Export quantity","0111","Wheat","2024","2024","t","208.08","A","Official value"
"TM","Detailed trade matrix","356","India","004","Afghanistan","5910","Export quantity","0113","Rice","2022","2022","t","2","A","Official value"
"TM","Detailed trade matrix","356","India","004","Afghanistan","5910","Export quantity","0113","Rice","2023","2023","t","0.86","A","Official value"
"TM","Detailed trade matrix","356","India","004","Afghanistan","5910","Export quantity","0111","Wheat","2017","2017","t","18975","A","Official value"
"TM","Detailed trade matrix","356","India","004","Afghanistan","5910","Export quantity","0111","Wheat","2018","2018","t","26406","A","Official value"
"TM","Detailed trade matrix","356","India","004","Afghanistan","5910","Export quantity","0111","Wheat","2020","2020","t","55584","A","Official value"
"TM","Detailed trade matrix","356","India","004","Afghanistan","5910","Export quantity","0111","Wheat","2022","2022","t","37242.01","A","Official value"
"TM","Detailed trade matrix","356","India","818","Egypt","5910","Export quantity","0113","Rice","2017","2017","t","500.04","A","Official value"
"TM","Detailed trade matrix","356","India","818","Egypt","5910","Export quantity","0113","Rice","2018","2018","t","0.12","A","Official value"
"TM","Detailed trade matrix","356","India","818","Egypt","5910","Export quantity","0113","Rice","2019","2019","t","0.28","A","Official value"
"TM","Detailed trade matrix","356","India","818","Egypt","5910","Export quantity","0113","Rice","2020","2020","t","0.02","A","Official value"
"TM","Detailed trade matrix","356","India","818","Egypt","5910","Export quantity","0113","Rice","2021","2021","t","1.54","A","Official value"
"TM","Detailed trade matrix","356","India","818","Egypt","5910","Export quantity","0113","Rice","2022","2022","t","40","A","Official value"
"TM","Detailed trade matrix","356","India","818","Egypt","5910","Export quantity","0111","Wheat","2022","2022","t","61500","A","Official value"
"TM","Detailed trade matrix","356","India","634","Qatar","5910","Export quantity","0113","Rice","2015","2015","t","342.07","A","Official value"
"TM","Detailed trade matrix","356","India","634","Qatar","5910","Export quantity","0113","Rice","2016","2016","t","649.32","A","Official value"
"TM","Detailed trade matrix","356","India","634","Qatar","5910","Export quantity","0113","Rice","2017","2017","t","157.85","A","Official value"
"TM","Detailed trade matrix","356","India","634","Qatar","5910","Export quantity","0113","Rice","2018","2018","t","57.19","A","Official value"
"TM","Detailed trade matrix","356","India","634","Qatar","5910","Export quantity","0113","Rice","2019","2019","t","41.5","A","Official value"
"TM","Detailed trade matrix","356","India","634","Qatar","5910","Export quantity","0113","Rice","2020","2020","t","0.5","A","Official value"
"TM","Detailed trade matrix","356","India","634","Qatar","5910","Export quantity","0113","Rice","2021","2021","t","3.4","A","Official value"
"TM","Detailed trade matrix","356","India","634","Qatar","5910","Export quantity","0113","Rice","2022","2022","t","0.1","A","Official value"
"TM","Detailed trade matrix","356","India","634","Qatar","5910","Export quantity","0113","Rice","2023","2023","t","0.03","A","Official value"
"TM","Detailed trade matrix","356","India","634","Qatar","5910","Export quantity","0111","Wheat","2016","2016","t","3","A","Official value"
"TM","Detailed trade matrix","356","India","634","Qatar","5910","Export quantity","0111","Wheat","2017","2017","t","98","A","Official value"
"TM","Detailed trade matrix","356","India","634","Qatar","5910","Export quantity","0111","Wheat","2018","2018","t","165","A","Official value"
"TM","Detailed trade matrix","356","India","634","Qatar","5910","Export quantity","0111","Wheat","2019","2019","t","28","A","Official value"
"TM","Detailed trade matrix","356","India","634","Qatar","5910","Export quantity","0111","Wheat","2020","2020","t","21315.82","A","Official value"
"TM","Detailed trade matrix","356","India","634","Qatar","5910","Export quantity","0111","Wheat","2021","2021","t","125765","A","Official value"
"TM","Detailed trade matrix","356","India","634","Qatar","5910","Export quantity","0111","Wheat","2022","2022","t","83396.65","A","Official value"
"TM","Detailed trade matrix","356","India","702","Singapore","5910","Export quantity","0113","Rice","2015","2015","t","37.46","A","Official value"
"TM","Detailed trade matrix","356","India","702","Singapore","5910","Export quantity","0113","Rice","2016","2016","t","52.8","A","Official value"
"TM","Detailed trade matrix","356","India","702","Singapore","5910","Export quantity","0113","Rice","2017","2017","t","0.62","A","Official value"
"TM","Detailed trade matrix","356","India","702","Singapore","5910","Export quantity","0113","Rice","2018","2018","t","541.01","A","Official value"
"TM","Detailed trade matrix","356","India","702","Singapore","5910","Export quantity","0113","Rice","2019","2019","t","18.62","A","Official value"
"TM","Detailed trade matrix","356","India","702","Singapore","5910","Export quantity","0113","Rice","2020","2020","t","9.92","A","Official value"
"TM","Detailed trade matrix","356","India","702","Singapore","5910","Export quantity","0113","Rice","2021","2021","t","25.65","A","Official value"
"TM","Detailed trade matrix","356","India","702","Singapore","5910","Export quantity","0113","Rice","2022","2022","t","9.65","A","Official value"
"TM","Detailed trade matrix","356","India","702","Singapore","5910","Export quantity","0113","Rice","2024","2024","t","3.9","A","Official value"
"TM","Detailed trade matrix","356","India","702","Singapore","5910","Export quantity","0111","Wheat","2015","2015","t","21.61","A","Official value"
"TM","Detailed trade matrix","356","India","702","Singapore","5910","Export quantity","0111","Wheat","2016","2016","t","41.2","A","Official value"
"TM","Detailed trade matrix","356","India","702","Singapore","5910","Export quantity","0111","Wheat","2017","2017","t","30.05","A","Official value"
"TM","Detailed trade matrix","356","India","702","Singapore","5910","Export quantity","0111","Wheat","2018","2018","t","20.64","A","Official value"
"TM","Detailed trade matrix","356","India","702","Singapore","5910","Export quantity","0111","Wheat","2019","2019","t","33.45","A","Official value"
"TM","Detailed trade matrix","356","India","702","Singapore","5910","Export quantity","0111","Wheat","2020","2020","t","50.97","A","Official value"
"TM","Detailed trade matrix","356","India","702","Singapore","5910","Export quantity","0111","Wheat","2021","2021","t","62.07","A","Official value"
"TM","Detailed trade matrix","356","India","702","Singapore","5910","Export quantity","0111","Wheat","2022","2022","t","3.82","A","Official value"
"TM","Detailed trade matrix","356","India","706","Somalia","5910","Export quantity","0113","Rice","2021","2021","t","124.11","A","Official value"
"TM","Detailed trade matrix","356","India","706","Somalia","5910","Export quantity","0111","Wheat","2015","2015","t","1210","A","Official value"
"TM","Detailed trade matrix","356","India","706","Somalia","5910","Export quantity","0111","Wheat","2016","2016","t","2381","A","Official value"
"TM","Detailed trade matrix","356","India","706","Somalia","5910","Export quantity","0111","Wheat","2017","2017","t","4405","A","Official value"
"TM","Detailed trade matrix","356","India","706","Somalia","5910","Export quantity","0111","Wheat","2018","2018","t","4518","A","Official value"
"TM","Detailed trade matrix","356","India","706","Somalia","5910","Export quantity","0111","Wheat","2019","2019","t","4260","A","Official value"
"TM","Detailed trade matrix","356","India","706","Somalia","5910","Export quantity","0111","Wheat","2020","2020","t","5448","A","Official value"
"TM","Detailed trade matrix","356","India","706","Somalia","5910","Export quantity","0111","Wheat","2021","2021","t","6763.99","A","Official value"
"TM","Detailed trade matrix","356","India","706","Somalia","5910","Export quantity","0111","Wheat","2022","2022","t","3193.18","A","Official value"
"TM","Detailed trade matrix","356","India","729","Sudan","5910","Export quantity","0113","Rice","2015","2015","t","286.05","A","Official value"
"TM","Detailed trade matrix","356","India","729","Sudan","5910","Export quantity","0111","Wheat","2020","2020","t","0.25","A","Official value"
"TM","Detailed trade matrix","356","India","729","Sudan","5910","Export quantity","0111","Wheat","2021","2021","t","0.8","A","Official value"
"TM","Detailed trade matrix","356","India","729","Sudan","5910","Export quantity","0111","Wheat","2022","2022","t","45000","A","Official value"
"TM","Detailed trade matrix","356","India","887","Yemen","5910","Export quantity","0111","Wheat","2021","2021","t","246532","A","Official value"
"TM","Detailed trade matrix","356","India","887","Yemen","5910","Export quantity","0111","Wheat","2022","2022","t","444883","A","Official value"
"TM","Detailed trade matrix","360","Indonesia","702","Singapore","5910","Export quantity","0113","Rice","2017","2017","t","0.36","A","Official value"
"TM","Detailed trade matrix","360","Indonesia","702","Singapore","5910","Export quantity","0113","Rice","2018","2018","t","0.01","A","Official value"
"TM","Detailed trade matrix","360","Indonesia","702","Singapore","5910","Export quantity","0113","Rice","2020","2020","t","0.06","A","Official value"
"TM","Detailed trade matrix","360","Indonesia","702","Singapore","5910","Export quantity","0113","Rice","2021","2021","t","0.21","A","Official value"
"TM","Detailed trade matrix","360","Indonesia","702","Singapore","5910","Export quantity","0113","Rice","2022","2022","t","0.1","A","Official value"
"TM","Detailed trade matrix","360","Indonesia","702","Singapore","5910","Export quantity","0113","Rice","2023","2023","t","0.04","A","Official value"
"TM","Detailed trade matrix","360","Indonesia","702","Singapore","5910","Export quantity","0113","Rice","2024","2024","t","0.01","A","Official value"
"TM","Detailed trade matrix","360","Indonesia","702","Singapore","5910","Export quantity","0111","Wheat","2016","2016","t","5500","A","Official value"
"TM","Detailed trade matrix","360","Indonesia","702","Singapore","5910","Export quantity","0111","Wheat","2017","2017","t","0.03","A","Official value"
"TM","Detailed trade matrix","360","Indonesia","702","Singapore","5910","Export quantity","0111","Wheat","2019","2019","t","0","A","Official value"
"TM","Detailed trade matrix","360","Indonesia","702","Singapore","5910","Export quantity","0111","Wheat","2020","2020","t","0.02","A","Official value"
"TM","Detailed trade matrix","360","Indonesia","702","Singapore","5910","Export quantity","0111","Wheat","2022","2022","t","0.02","A","Official value"
"TM","Detailed trade matrix","360","Indonesia","702","Singapore","5910","Export quantity","0111","Wheat","2023","2023","t","0.05","A","Official value"
"TM","Detailed trade matrix","376","Israel","702","Singapore","5910","Export quantity","0111","Wheat","2016","2016","t","7.11","A","Official value"
"TM","Detailed trade matrix","376","Israel","702","Singapore","5910","Export quantity","0111","Wheat","2018","2018","t","1.27","A","Official value"
"TM","Detailed trade matrix","380","Italy","818","Egypt","5910","Export quantity","0113","Rice","2024","2024","t","0.01","A","Official value"
"TM","Detailed trade matrix","380","Italy","702","Singapore","5910","Export quantity","0113","Rice","2023","2023","t","0.34","A","Official value"
"TM","Detailed trade matrix","380","Italy","702","Singapore","5910","Export quantity","0113","Rice","2024","2024","t","0.84","A","Official value"
"TM","Detailed trade matrix","380","Italy","788","Tunisia","5910","Export quantity","0113","Rice","2019","2019","t","7","A","Official value"
"TM","Detailed trade matrix","380","Italy","788","Tunisia","5910","Export quantity","0111","Wheat","2015","2015","t","353613.6","A","Official value"
"TM","Detailed trade matrix","380","Italy","788","Tunisia","5910","Export quantity","0111","Wheat","2016","2016","t","376720.06","A","Official value"
"TM","Detailed trade matrix","380","Italy","788","Tunisia","5910","Export quantity","0111","Wheat","2017","2017","t","429471.5","A","Official value"
"TM","Detailed trade matrix","380","Italy","788","Tunisia","5910","Export quantity","0111","Wheat","2018","2018","t","116019.51","A","Official value"
"TM","Detailed trade matrix","380","Italy","788","Tunisia","5910","Export quantity","0111","Wheat","2020","2020","t","1200","A","Official value"
"TM","Detailed trade matrix","380","Italy","788","Tunisia","5910","Export quantity","0111","Wheat","2021","2021","t","82264.2","A","Official value"
"TM","Detailed trade matrix","380","Italy","788","Tunisia","5910","Export quantity","0111","Wheat","2022","2022","t","136631.19","A","Official value"
"TM","Detailed trade matrix","380","Italy","788","Tunisia","5910","Export quantity","0111","Wheat","2023","2023","t","41180.09","A","Official value"
"TM","Detailed trade matrix","380","Italy","788","Tunisia","5910","Export quantity","0111","Wheat","2024","2024","t","75270.12","A","Official value"
"TM","Detailed trade matrix","400","Jordan","634","Qatar","5910","Export quantity","0113","Rice","2020","2020","t","0","A","Official value"
"TM","Detailed trade matrix","398","Kazakhstan","004","Afghanistan","5910","Export quantity","0113","Rice","2016","2016","t","60","A","Official value"
"TM","Detailed trade matrix","398","Kazakhstan","004","Afghanistan","5910","Export quantity","0113","Rice","2017","2017","t","1567.83","A","Official value"
"TM","Detailed trade matrix","398","Kazakhstan","004","Afghanistan","5910","Export quantity","0113","Rice","2018","2018","t","739","A","Official value"
"TM","Detailed trade matrix","398","Kazakhstan","004","Afghanistan","5910","Export quantity","0113","Rice","2023","2023","t","427.95","A","Official value"
"TM","Detailed trade matrix","398","Kazakhstan","004","Afghanistan","5910","Export quantity","0113","Rice","2024","2024","t","869.43","A","Official value"
"TM","Detailed trade matrix","398","Kazakhstan","004","Afghanistan","5910","Export quantity","0111","Wheat","2015","2015","t","140386.39","A","Official value"
"TM","Detailed trade matrix","398","Kazakhstan","004","Afghanistan","5910","Export quantity","0111","Wheat","2016","2016","t","253781.69","A","Official value"
"TM","Detailed trade matrix","398","Kazakhstan","004","Afghanistan","5910","Export quantity","0111","Wheat","2017","2017","t","284994.19","A","Official value"
"TM","Detailed trade matrix","398","Kazakhstan","004","Afghanistan","5910","Export quantity","0111","Wheat","2018","2018","t","386758.09","A","Official value"
"TM","Detailed trade matrix","398","Kazakhstan","004","Afghanistan","5910","Export quantity","0111","Wheat","2019","2019","t","292942.22","A","Official value"
"TM","Detailed trade matrix","398","Kazakhstan","004","Afghanistan","5910","Export quantity","0111","Wheat","2020","2020","t","528433.23","A","Official value"
"TM","Detailed trade matrix","398","Kazakhstan","004","Afghanistan","5910","Export quantity","0111","Wheat","2021","2021","t","571407","A","Official value"
"TM","Detailed trade matrix","398","Kazakhstan","004","Afghanistan","5910","Export quantity","0111","Wheat","2022","2022","t","686729.7","A","Official value"
"TM","Detailed trade matrix","398","Kazakhstan","004","Afghanistan","5910","Export quantity","0111","Wheat","2023","2023","t","448037.73","A","Official value"
"TM","Detailed trade matrix","398","Kazakhstan","004","Afghanistan","5910","Export quantity","0111","Wheat","2024","2024","t","251583","A","Official value"
"TM","Detailed trade matrix","398","Kazakhstan","818","Egypt","5910","Export quantity","0113","Rice","2023","2023","t","20","A","Official value"
"TM","Detailed trade matrix","398","Kazakhstan","788","Tunisia","5910","Export quantity","0111","Wheat","2016","2016","t","5209.93","A","Official value"
"TM","Detailed trade matrix","398","Kazakhstan","788","Tunisia","5910","Export quantity","0111","Wheat","2017","2017","t","18891.5","A","Official value"
"TM","Detailed trade matrix","398","Kazakhstan","788","Tunisia","5910","Export quantity","0111","Wheat","2018","2018","t","35019.55","A","Official value"
"TM","Detailed trade matrix","398","Kazakhstan","788","Tunisia","5910","Export quantity","0111","Wheat","2019","2019","t","26805.9","A","Official value"
"TM","Detailed trade matrix","398","Kazakhstan","788","Tunisia","5910","Export quantity","0111","Wheat","2020","2020","t","4393.07","A","Official value"
"TM","Detailed trade matrix","398","Kazakhstan","788","Tunisia","5910","Export quantity","0111","Wheat","2021","2021","t","7687.83","A","Official value"
"TM","Detailed trade matrix","398","Kazakhstan","788","Tunisia","5910","Export quantity","0111","Wheat","2023","2023","t","69284.1","A","Official value"
"TM","Detailed trade matrix","404","Kenya","706","Somalia","5910","Export quantity","0113","Rice","2016","2016","t","0.02","A","Official value"
"TM","Detailed trade matrix","404","Kenya","706","Somalia","5910","Export quantity","0111","Wheat","2023","2023","t","510","A","Official value"
"TM","Detailed trade matrix","404","Kenya","887","Yemen","5910","Export quantity","0113","Rice","2018","2018","t","0.21","A","Official value"
"TM","Detailed trade matrix","414","Kuwait","818","Egypt","5910","Export quantity","0113","Rice","2016","2016","t","25.2","A","Official value"
"TM","Detailed trade matrix","414","Kuwait","818","Egypt","5910","Export quantity","0113","Rice","2017","2017","t","27.75","A","Official value"
"TM","Detailed trade matrix","414","Kuwait","818","Egypt","5910","Export quantity","0113","Rice","2018","2018","t","5.4","I","Value imputed by a receiving agency"
"TM","Detailed trade matrix","414","Kuwait","634","Qatar","5910","Export quantity","0111","Wheat","2020","2020","t","8.3","A","Official value"
"TM","Detailed trade matrix","414","Kuwait","634","Qatar","5910","Export quantity","0111","Wheat","2023","2023","t","0","A","Official value"
"TM","Detailed trade matrix","414","Kuwait","887","Yemen","5910","Export quantity","0113","Rice","2017","2017","t","57.5","A","Official value"
"TM","Detailed trade matrix","414","Kuwait","887","Yemen","5910","Export quantity","0113","Rice","2018","2018","t","18.81","A","Official value"
"TM","Detailed trade matrix","428","Latvia","818","Egypt","5910","Export quantity","0111","Wheat","2017","2017","t","25563.04","A","Official value"
"TM","Detailed trade matrix","428","Latvia","702","Singapore","5910","Export quantity","0111","Wheat","2020","2020","t","23955","A","Official value"
"TM","Detailed trade matrix","428","Latvia","729","Sudan","5910","Export quantity","0111","Wheat","2017","2017","t","56220","A","Official value"
"TM","Detailed trade matrix","428","Latvia","729","Sudan","5910","Export quantity","0111","Wheat","2019","2019","t","66000","A","Official value"
"TM","Detailed trade matrix","428","Latvia","788","Tunisia","5910","Export quantity","0111","Wheat","2023","2023","t","2674.42","A","Official value"
"TM","Detailed trade matrix","428","Latvia","887","Yemen","5910","Export quantity","0111","Wheat","2016","2016","t","29812.3","A","Official value"
"TM","Detailed trade matrix","422","Lebanon","818","Egypt","5910","Export quantity","0111","Wheat","2015","2015","t","25000.03","A","Official value"
"TM","Detailed trade matrix","422","Lebanon","634","Qatar","5910","Export quantity","0113","Rice","2017","2017","t","0.07","A","Official value"
"TM","Detailed trade matrix","422","Lebanon","634","Qatar","5910","Export quantity","0113","Rice","2018","2018","t","1.7","A","Official value"
"TM","Detailed trade matrix","422","Lebanon","634","Qatar","5910","Export quantity","0113","Rice","2020","2020","t","0.06","A","Official value"
"TM","Detailed trade matrix","422","Lebanon","634","Qatar","5910","Export quantity","0113","Rice","2021","2021","t","0.23","A","Official value"
"TM","Detailed trade matrix","422","Lebanon","634","Qatar","5910","Export quantity","0111","Wheat","2015","2015","t","3.54","A","Official value"
"TM","Detailed trade matrix","422","Lebanon","634","Qatar","5910","Export quantity","0111","Wheat","2016","2016","t","3.76","A","Official value"
"TM","Detailed trade matrix","422","Lebanon","634","Qatar","5910","Export quantity","0111","Wheat","2017","2017","t","0.5","A","Official value"
"TM","Detailed trade matrix","422","Lebanon","634","Qatar","5910","Export quantity","0111","Wheat","2018","2018","t","1.63","A","Official value"
"TM","Detailed trade matrix","422","Lebanon","634","Qatar","5910","Export quantity","0111","Wheat","2019","2019","t","25.43","A","Official value"
"TM","Detailed trade matrix","422","Lebanon","634","Qatar","5910","Export quantity","0111","Wheat","2020","2020","t","1.02","A","Official value"
"TM","Detailed trade matrix","422","Lebanon","634","Qatar","5910","Export quantity","0111","Wheat","2021","2021","t","1.7","A","Official value"
"TM","Detailed trade matrix","422","Lebanon","729","Sudan","5910","Export quantity","0111","Wheat","2017","2017","t","0","A","Official value"
"TM","Detailed trade matrix","422","Lebanon","788","Tunisia","5910","Export quantity","0111","Wheat","2015","2015","t","14186.1","A","Official value"
"TM","Detailed trade matrix","422","Lebanon","788","Tunisia","5910","Export quantity","0111","Wheat","2016","2016","t","9990.14","A","Official value"
"TM","Detailed trade matrix","434","Libya","788","Tunisia","5910","Export quantity","0111","Wheat","2016","2016","t","3226.92","A","Official value"
"TM","Detailed trade matrix","434","Libya","788","Tunisia","5910","Export quantity","0111","Wheat","2017","2017","t","3226.92","A","Official value"
"TM","Detailed trade matrix","440","Lithuania","818","Egypt","5910","Export quantity","0111","Wheat","2015","2015","t","5000","A","Official value"
"TM","Detailed trade matrix","440","Lithuania","818","Egypt","5910","Export quantity","0111","Wheat","2016","2016","t","6127.38","A","Official value"
"TM","Detailed trade matrix","440","Lithuania","818","Egypt","5910","Export quantity","0111","Wheat","2018","2018","t","31499.06","A","Official value"
"TM","Detailed trade matrix","440","Lithuania","818","Egypt","5910","Export quantity","0111","Wheat","2020","2020","t","130120","A","Official value"
"TM","Detailed trade matrix","440","Lithuania","818","Egypt","5910","Export quantity","0111","Wheat","2022","2022","t","65250","A","Official value"
"TM","Detailed trade matrix","440","Lithuania","818","Egypt","5910","Export quantity","0111","Wheat","2023","2023","t","7699.01","A","Official value"
"TM","Detailed trade matrix","440","Lithuania","702","Singapore","5910","Export quantity","0111","Wheat","2023","2023","t","29820.18","A","Official value"
"TM","Detailed trade matrix","440","Lithuania","729","Sudan","5910","Export quantity","0111","Wheat","2016","2016","t","101536.88","A","Official value"
"TM","Detailed trade matrix","440","Lithuania","729","Sudan","5910","Export quantity","0111","Wheat","2017","2017","t","39750","A","Official value"
"TM","Detailed trade matrix","440","Lithuania","729","Sudan","5910","Export quantity","0111","Wheat","2019","2019","t","202978.42","A","Official value"
"TM","Detailed trade matrix","440","Lithuania","729","Sudan","5910","Export quantity","0111","Wheat","2020","2020","t","209795.83","A","Official value"
"TM","Detailed trade matrix","440","Lithuania","729","Sudan","5910","Export quantity","0111","Wheat","2021","2021","t","68793.8","A","Official value"
"TM","Detailed trade matrix","440","Lithuania","729","Sudan","5910","Export quantity","0111","Wheat","2022","2022","t","65999.39","A","Official value"
"TM","Detailed trade matrix","440","Lithuania","887","Yemen","5910","Export quantity","0111","Wheat","2016","2016","t","53649.81","A","Official value"
"TM","Detailed trade matrix","458","Malaysia","702","Singapore","5910","Export quantity","0113","Rice","2021","2021","t","0.01","A","Official value"
"TM","Detailed trade matrix","458","Malaysia","702","Singapore","5910","Export quantity","0111","Wheat","2015","2015","t","2470.5","A","Official value"
"TM","Detailed trade matrix","458","Malaysia","702","Singapore","5910","Export quantity","0111","Wheat","2016","2016","t","2519.85","A","Official value"
"TM","Detailed trade matrix","458","Malaysia","702","Singapore","5910","Export quantity","0111","Wheat","2017","2017","t","1102.53","A","Official value"
"TM","Detailed trade matrix","458","Malaysia","702","Singapore","5910","Export quantity","0111","Wheat","2021","2021","t","12","A","Official value"
"TM","Detailed trade matrix","458","Malaysia","702","Singapore","5910","Export quantity","0111","Wheat","2022","2022","t","13.5","A","Official value"
"TM","Detailed trade matrix","458","Malaysia","702","Singapore","5910","Export quantity","0111","Wheat","2023","2023","t","18.52","A","Official value"
"TM","Detailed trade matrix","458","Malaysia","702","Singapore","5910","Export quantity","0111","Wheat","2024","2024","t","1480.8","A","Official value"
"TM","Detailed trade matrix","470","Malta","818","Egypt","5910","Export quantity","0111","Wheat","2023","2023","t","10500","A","Official value"
"TM","Detailed trade matrix","508","Mozambique","702","Singapore","5910","Export quantity","0113","Rice","2022","2022","t","0.65","A","Official value"
"TM","Detailed trade matrix","508","Mozambique","702","Singapore","5910","Export quantity","0113","Rice","2023","2023","t","0.2","A","Official value"
"TM","Detailed trade matrix","508","Mozambique","702","Singapore","5910","Export quantity","0113","Rice","2024","2024","t","0.17","A","Official value"
"TM","Detailed trade matrix","104","Myanmar","702","Singapore","5910","Export quantity","0111","Wheat","2019","2019","t","546.71","A","Official value"
"TM","Detailed trade matrix","528","Netherlands (Kingdom of the)","818","Egypt","5910","Export quantity","0111","Wheat","2023","2023","t","0.1","A","Official value"
"TM","Detailed trade matrix","528","Netherlands (Kingdom of the)","634","Qatar","5910","Export quantity","0113","Rice","2020","2020","t","0.67","A","Official value"
"TM","Detailed trade matrix","528","Netherlands (Kingdom of the)","634","Qatar","5910","Export quantity","0111","Wheat","2021","2021","t","6.8","A","Official value"
"TM","Detailed trade matrix","528","Netherlands (Kingdom of the)","729","Sudan","5910","Export quantity","0113","Rice","2021","2021","t","0.2","A","Official value"
"TM","Detailed trade matrix","554","New Zealand","702","Singapore","5910","Export quantity","0111","Wheat","2015","2015","t","18.6","A","Official value"
"TM","Detailed trade matrix","554","New Zealand","702","Singapore","5910","Export quantity","0111","Wheat","2016","2016","t","18.36","A","Official value"
"TM","Detailed trade matrix","554","New Zealand","702","Singapore","5910","Export quantity","0111","Wheat","2017","2017","t","36.6","A","Official value"
"TM","Detailed trade matrix","554","New Zealand","702","Singapore","5910","Export quantity","0111","Wheat","2018","2018","t","18","A","Official value"
"TM","Detailed trade matrix","554","New Zealand","702","Singapore","5910","Export quantity","0111","Wheat","2019","2019","t","18","A","Official value"
"TM","Detailed trade matrix","554","New Zealand","702","Singapore","5910","Export quantity","0111","Wheat","2020","2020","t","27","A","Official value"
"TM","Detailed trade matrix","554","New Zealand","702","Singapore","5910","Export quantity","0111","Wheat","2021","2021","t","18.18","A","Official value"
"TM","Detailed trade matrix","554","New Zealand","702","Singapore","5910","Export quantity","0111","Wheat","2022","2022","t","25.9","A","Official value"
"TM","Detailed trade matrix","554","New Zealand","702","Singapore","5910","Export quantity","0111","Wheat","2023","2023","t","45","A","Official value"
"TM","Detailed trade matrix","554","New Zealand","702","Singapore","5910","Export quantity","0111","Wheat","2024","2024","t","19.6","A","Official value"
"TM","Detailed trade matrix","512","Oman","818","Egypt","5910","Export quantity","0113","Rice","2022","2022","t","0.13","A","Official value"
"TM","Detailed trade matrix","512","Oman","634","Qatar","5910","Export quantity","0113","Rice","2018","2018","t","1.56","A","Official value"
"TM","Detailed trade matrix","512","Oman","634","Qatar","5910","Export quantity","0113","Rice","2019","2019","t","21.24","A","Official value"
"TM","Detailed trade matrix","512","Oman","634","Qatar","5910","Export quantity","0113","Rice","2021","2021","t","0.05","A","Official value"
"TM","Detailed trade matrix","512","Oman","634","Qatar","5910","Export quantity","0111","Wheat","2017","2017","t","40.21","A","Official value"
"TM","Detailed trade matrix","512","Oman","634","Qatar","5910","Export quantity","0111","Wheat","2018","2018","t","285.9","A","Official value"
"TM","Detailed trade matrix","512","Oman","634","Qatar","5910","Export quantity","0111","Wheat","2019","2019","t","89.54","A","Official value"
"TM","Detailed trade matrix","512","Oman","634","Qatar","5910","Export quantity","0111","Wheat","2020","2020","t","75.77","A","Official value"
"TM","Detailed trade matrix","512","Oman","634","Qatar","5910","Export quantity","0111","Wheat","2021","2021","t","401.27","A","Official value"
"TM","Detailed trade matrix","512","Oman","634","Qatar","5910","Export quantity","0111","Wheat","2022","2022","t","0.23","A","Official value"
"TM","Detailed trade matrix","512","Oman","634","Qatar","5910","Export quantity","0111","Wheat","2023","2023","t","0.78","A","Official value"
"TM","Detailed trade matrix","512","Oman","702","Singapore","5910","Export quantity","0113","Rice","2021","2021","t","0.14","A","Official value"
"TM","Detailed trade matrix","512","Oman","702","Singapore","5910","Export quantity","0113","Rice","2022","2022","t","0.28","A","Official value"
"TM","Detailed trade matrix","512","Oman","702","Singapore","5910","Export quantity","0111","Wheat","2022","2022","t","0.78","A","Official value"
"TM","Detailed trade matrix","512","Oman","706","Somalia","5910","Export quantity","0111","Wheat","2019","2019","t","40","A","Official value"
"TM","Detailed trade matrix","512","Oman","729","Sudan","5910","Export quantity","0113","Rice","2022","2022","t","92.96","I","Value imputed by a receiving agency"
"TM","Detailed trade matrix","512","Oman","887","Yemen","5910","Export quantity","0113","Rice","2015","2015","t","458","A","Official value"
"TM","Detailed trade matrix","512","Oman","887","Yemen","5910","Export quantity","0113","Rice","2016","2016","t","980.35","A","Official value"
"TM","Detailed trade matrix","512","Oman","887","Yemen","5910","Export quantity","0113","Rice","2019","2019","t","1","A","Official value"
"TM","Detailed trade matrix","512","Oman","887","Yemen","5910","Export quantity","0113","Rice","2020","2020","t","130.75","A","Official value"
"TM","Detailed trade matrix","512","Oman","887","Yemen","5910","Export quantity","0113","Rice","2021","2021","t","108.67","A","Official value"
"TM","Detailed trade matrix","512","Oman","887","Yemen","5910","Export quantity","0113","Rice","2022","2022","t","20.4","I","Value imputed by a receiving agency"
"TM","Detailed trade matrix","512","Oman","887","Yemen","5910","Export quantity","0113","Rice","2023","2023","t","15.95","I","Value imputed by a receiving agency"
"TM","Detailed trade matrix","512","Oman","887","Yemen","5910","Export quantity","0111","Wheat","2015","2015","t","21.05","A","Official value"
"TM","Detailed trade matrix","512","Oman","887","Yemen","5910","Export quantity","0111","Wheat","2017","2017","t","1305","A","Official value"
"TM","Detailed trade matrix","512","Oman","887","Yemen","5910","Export quantity","0111","Wheat","2019","2019","t","2993","A","Official value"
"TM","Detailed trade matrix","512","Oman","887","Yemen","5910","Export quantity","0111","Wheat","2020","2020","t","31","A","Official value"
"TM","Detailed trade matrix","512","Oman","887","Yemen","5910","Export quantity","0111","Wheat","2021","2021","t","1367.5","A","Official value"
"TM","Detailed trade matrix","512","Oman","887","Yemen","5910","Export quantity","0111","Wheat","2022","2022","t","1594.94","A","Official value"
"TM","Detailed trade matrix","512","Oman","887","Yemen","5910","Export quantity","0111","Wheat","2023","2023","t","1559.46","A","Official value"
"TM","Detailed trade matrix","586","Pakistan","004","Afghanistan","5910","Export quantity","0113","Rice","2019","2019","t","2393","A","Official value"
"TM","Detailed trade matrix","586","Pakistan","004","Afghanistan","5910","Export quantity","0113","Rice","2020","2020","t","96","A","Official value"
"TM","Detailed trade matrix","586","Pakistan","004","Afghanistan","5910","Export quantity","0113","Rice","2021","2021","t","75","A","Official value"
"TM","Detailed trade matrix","586","Pakistan","004","Afghanistan","5910","Export quantity","0113","Rice","2022","2022","t","10","A","Official value"
"TM","Detailed trade matrix","586","Pakistan","004","Afghanistan","5910","Export quantity","0113","Rice","2023","2023","t","341","A","Official value"
"TM","Detailed trade matrix","586","Pakistan","004","Afghanistan","5910","Export quantity","0113","Rice","2024","2024","t","39538","A","Official value"
"TM","Detailed trade matrix","586","Pakistan","004","Afghanistan","5910","Export quantity","0111","Wheat","2015","2015","t","6128","A","Official value"
"TM","Detailed trade matrix","586","Pakistan","004","Afghanistan","5910","Export quantity","0111","Wheat","2016","2016","t","4691","A","Official value"
"TM","Detailed trade matrix","586","Pakistan","004","Afghanistan","5910","Export quantity","0111","Wheat","2017","2017","t","2905.21","I","Value imputed by a receiving agency"
"TM","Detailed trade matrix","586","Pakistan","004","Afghanistan","5910","Export quantity","0111","Wheat","2018","2018","t","18745","A","Official value"
"TM","Detailed trade matrix","586","Pakistan","004","Afghanistan","5910","Export quantity","0111","Wheat","2019","2019","t","40926","A","Official value"
"TM","Detailed trade matrix","586","Pakistan","634","Qatar","5910","Export quantity","0113","Rice","2015","2015","t","42","A","Official value"
"TM","Detailed trade matrix","586","Pakistan","634","Qatar","5910","Export quantity","0113","Rice","2019","2019","t","270","A","Official value"
"TM","Detailed trade matrix","586","Pakistan","634","Qatar","5910","Export quantity","0113","Rice","2020","2020","t","71","A","Official value"
"TM","Detailed trade matrix","586","Pakistan","634","Qatar","5910","Export quantity","0113","Rice","2022","2022","t","52","A","Official value"
"TM","Detailed trade matrix","586","Pakistan","634","Qatar","5910","Export quantity","0111","Wheat","2015","2015","t","264","A","Official value"
"TM","Detailed trade matrix","586","Pakistan","634","Qatar","5910","Export quantity","0111","Wheat","2017","2017","t","166.35","A","Official value"
"TM","Detailed trade matrix","586","Pakistan","634","Qatar","5910","Export quantity","0111","Wheat","2018","2018","t","35610","A","Official value"
"TM","Detailed trade matrix","586","Pakistan","634","Qatar","5910","Export quantity","0111","Wheat","2019","2019","t","21172","A","Official value"
"TM","Detailed trade matrix","586","Pakistan","706","Somalia","5910","Export quantity","0113","Rice","2022","2022","t","270","A","Official value"
"TM","Detailed trade matrix","586","Pakistan","706","Somalia","5910","Export quantity","0113","Rice","2024","2024","t","380","A","Official value"
"TM","Detailed trade matrix","586","Pakistan","706","Somalia","5910","Export quantity","0111","Wheat","2019","2019","t","1081","A","Official value"
"TM","Detailed trade matrix","586","Pakistan","729","Sudan","5910","Export quantity","0113","Rice","2017","2017","t","82.87","A","Official value"
"TM","Detailed trade matrix","600","Paraguay","702","Singapore","5910","Export quantity","0111","Wheat","2015","2015","t","650","A","Official value"
"TM","Detailed trade matrix","616","Poland","818","Egypt","5910","Export quantity","0111","Wheat","2015","2015","t","651899.3","A","Official value"
"TM","Detailed trade matrix","616","Poland","818","Egypt","5910","Export quantity","0111","Wheat","2016","2016","t","412349.13","A","Official value"
"TM","Detailed trade matrix","616","Poland","818","Egypt","5910","Export quantity","0111","Wheat","2017","2017","t","226175.42","A","Official value"
"TM","Detailed trade matrix","616","Poland","818","Egypt","5910","Export quantity","0111","Wheat","2018","2018","t","99299.9","A","Official value"
"TM","Detailed trade matrix","616","Poland","818","Egypt","5910","Export quantity","0111","Wheat","2019","2019","t","159581.48","A","Official value"
"TM","Detailed trade matrix","616","Poland","634","Qatar","5910","Export quantity","0113","Rice","2016","2016","t","1","A","Official value"
"TM","Detailed trade matrix","616","Poland","634","Qatar","5910","Export quantity","0113","Rice","2021","2021","t","0.4","A","Official value"
"TM","Detailed trade matrix","616","Poland","729","Sudan","5910","Export quantity","0111","Wheat","2015","2015","t","119990","A","Official value"
"TM","Detailed trade matrix","616","Poland","887","Yemen","5910","Export quantity","0111","Wheat","2016","2016","t","26670.68","A","Official value"
"TM","Detailed trade matrix","410","Republic of Korea","634","Qatar","5910","Export quantity","0113","Rice","2022","2022","t","0.1","A","Official value"
"TM","Detailed trade matrix","410","Republic of Korea","634","Qatar","5910","Export quantity","0113","Rice","2023","2023","t","0.1","A","Official value"
"TM","Detailed trade matrix","410","Republic of Korea","702","Singapore","5910","Export quantity","0113","Rice","2019","2019","t","0.17","A","Official value"
"TM","Detailed trade matrix","410","Republic of Korea","702","Singapore","5910","Export quantity","0113","Rice","2020","2020","t","0.72","A","Official value"
"TM","Detailed trade matrix","410","Republic of Korea","702","Singapore","5910","Export quantity","0111","Wheat","2015","2015","t","0","A","Official value"
"TM","Detailed trade matrix","410","Republic of Korea","702","Singapore","5910","Export quantity","0111","Wheat","2016","2016","t","0.01","A","Official value"
"TM","Detailed trade matrix","410","Republic of Korea","702","Singapore","5910","Export quantity","0111","Wheat","2024","2024","t","0","A","Official value"
"TM","Detailed trade matrix","498","Republic of Moldova","818","Egypt","5910","Export quantity","0111","Wheat","2020","2020","t","24.97","A","Official value"
"TM","Detailed trade matrix","498","Republic of Moldova","818","Egypt","5910","Export quantity","0111","Wheat","2021","2021","t","6776.11","A","Official value"
"TM","Detailed trade matrix","498","Republic of Moldova","818","Egypt","5910","Export quantity","0111","Wheat","2024","2024","t","48970.75","A","Official value"
"TM","Detailed trade matrix","498","Republic of Moldova","702","Singapore","5910","Export quantity","0111","Wheat","2015","2015","t","1069.7","A","Official value"
"TM","Detailed trade matrix","498","Republic of Moldova","702","Singapore","5910","Export quantity","0111","Wheat","2017","2017","t","167.85","A","Official value"
"TM","Detailed trade matrix","498","Republic of Moldova","702","Singapore","5910","Export quantity","0111","Wheat","2019","2019","t","318.33","A","Official value"
"TM","Detailed trade matrix","498","Republic of Moldova","706","Somalia","5910","Export quantity","0111","Wheat","2017","2017","t","48","A","Official value"
"TM","Detailed trade matrix","498","Republic of Moldova","729","Sudan","5910","Export quantity","0111","Wheat","2015","2015","t","154","A","Official value"
"TM","Detailed trade matrix","498","Republic of Moldova","788","Tunisia","5910","Export quantity","0111","Wheat","2018","2018","t","5500","A","Official value"
"TM","Detailed trade matrix","498","Republic of Moldova","788","Tunisia","5910","Export quantity","0111","Wheat","2019","2019","t","5499.71","A","Official value"
"TM","Detailed trade matrix","498","Republic of Moldova","788","Tunisia","5910","Export quantity","0111","Wheat","2021","2021","t","6589.41","A","Official value"
"TM","Detailed trade matrix","498","Republic of Moldova","788","Tunisia","5910","Export quantity","0111","Wheat","2023","2023","t","6024.09","A","Official value"
"TM","Detailed trade matrix","498","Republic of Moldova","788","Tunisia","5910","Export quantity","0111","Wheat","2024","2024","t","4820","A","Official value"
"TM","Detailed trade matrix","642","Romania","818","Egypt","5910","Export quantity","0111","Wheat","2015","2015","t","1159581.7","A","Official value"
"TM","Detailed trade matrix","642","Romania","818","Egypt","5910","Export quantity","0111","Wheat","2016","2016","t","1297052.32","A","Official value"
"TM","Detailed trade matrix","642","Romania","818","Egypt","5910","Export quantity","0111","Wheat","2017","2017","t","1008868.71","A","Official value"
"TM","Detailed trade matrix","642","Romania","818","Egypt","5910","Export quantity","0111","Wheat","2018","2018","t","1066594.19","A","Official value"
"TM","Detailed trade matrix","642","Romania","818","Egypt","5910","Export quantity","0111","Wheat","2019","2019","t","1388086.24","A","Official value"
"TM","Detailed trade matrix","642","Romania","818","Egypt","5910","Export quantity","0111","Wheat","2020","2020","t","591522.17","A","Official value"
"TM","Detailed trade matrix","642","Romania","818","Egypt","5910","Export quantity","0111","Wheat","2021","2021","t","2019000","A","Official value"
"TM","Detailed trade matrix","642","Romania","818","Egypt","5910","Export quantity","0111","Wheat","2022","2022","t","1272980.08","A","Official value"
"TM","Detailed trade matrix","642","Romania","818","Egypt","5910","Export quantity","0111","Wheat","2023","2023","t","1056401.78","A","Official value"
"TM","Detailed trade matrix","642","Romania","818","Egypt","5910","Export quantity","0111","Wheat","2024","2024","t","900839.2","A","Official value"
"TM","Detailed trade matrix","642","Romania","634","Qatar","5910","Export quantity","0111","Wheat","2015","2015","t","20990.1","A","Official value"
"TM","Detailed trade matrix","642","Romania","634","Qatar","5910","Export quantity","0111","Wheat","2016","2016","t","21000","A","Official value"
"TM","Detailed trade matrix","642","Romania","634","Qatar","5910","Export quantity","0111","Wheat","2017","2017","t","21262.51","A","Official value"
"TM","Detailed trade matrix","642","Romania","634","Qatar","5910","Export quantity","0111","Wheat","2018","2018","t","20553.26","A","Official value"
"TM","Detailed trade matrix","642","Romania","634","Qatar","5910","Export quantity","0111","Wheat","2019","2019","t","21835.99","A","Official value"
"TM","Detailed trade matrix","642","Romania","634","Qatar","5910","Export quantity","0111","Wheat","2020","2020","t","20500","A","Official value"
"TM","Detailed trade matrix","642","Romania","634","Qatar","5910","Export quantity","0111","Wheat","2022","2022","t","83059.57","A","Official value"
"TM","Detailed trade matrix","642","Romania","634","Qatar","5910","Export quantity","0111","Wheat","2023","2023","t","63000","A","Official value"
"TM","Detailed trade matrix","642","Romania","634","Qatar","5910","Export quantity","0111","Wheat","2024","2024","t","19818.46","A","Official value"
"TM","Detailed trade matrix","642","Romania","706","Somalia","5910","Export quantity","0111","Wheat","2016","2016","t","21006.55","A","Official value"
"TM","Detailed trade matrix","642","Romania","706","Somalia","5910","Export quantity","0111","Wheat","2017","2017","t","25000","A","Official value"
"TM","Detailed trade matrix","642","Romania","706","Somalia","5910","Export quantity","0111","Wheat","2018","2018","t","20419.09","A","Official value"
"TM","Detailed trade matrix","642","Romania","729","Sudan","5910","Export quantity","0111","Wheat","2015","2015","t","53150.7","A","Official value"
"TM","Detailed trade matrix","642","Romania","729","Sudan","5910","Export quantity","0111","Wheat","2016","2016","t","293955.47","A","Official value"
"TM","Detailed trade matrix","642","Romania","729","Sudan","5910","Export quantity","0111","Wheat","2017","2017","t","388723.72","A","Official value"
"TM","Detailed trade matrix","642","Romania","729","Sudan","5910","Export quantity","0111","Wheat","2018","2018","t","175438.41","A","Official value"
"TM","Detailed trade matrix","642","Romania","729","Sudan","5910","Export quantity","0111","Wheat","2019","2019","t","471527.08","A","Official value"
"TM","Detailed trade matrix","642","Romania","729","Sudan","5910","Export quantity","0111","Wheat","2020","2020","t","318725.46","A","Official value"
"TM","Detailed trade matrix","642","Romania","729","Sudan","5910","Export quantity","0111","Wheat","2021","2021","t","431358.12","A","Official value"
"TM","Detailed trade matrix","642","Romania","729","Sudan","5910","Export quantity","0111","Wheat","2022","2022","t","303246.53","A","Official value"
"TM","Detailed trade matrix","642","Romania","729","Sudan","5910","Export quantity","0111","Wheat","2023","2023","t","124856","A","Official value"
"TM","Detailed trade matrix","642","Romania","729","Sudan","5910","Export quantity","0111","Wheat","2024","2024","t","66000","A","Official value"
"TM","Detailed trade matrix","642","Romania","788","Tunisia","5910","Export quantity","0111","Wheat","2015","2015","t","184148.9","A","Official value"
"TM","Detailed trade matrix","642","Romania","788","Tunisia","5910","Export quantity","0111","Wheat","2016","2016","t","133103","A","Official value"
"TM","Detailed trade matrix","642","Romania","788","Tunisia","5910","Export quantity","0111","Wheat","2017","2017","t","73799.88","A","Official value"
"TM","Detailed trade matrix","642","Romania","788","Tunisia","5910","Export quantity","0111","Wheat","2018","2018","t","12800.24","A","Official value"
"TM","Detailed trade matrix","642","Romania","788","Tunisia","5910","Export quantity","0111","Wheat","2020","2020","t","54500","A","Official value"
"TM","Detailed trade matrix","642","Romania","788","Tunisia","5910","Export quantity","0111","Wheat","2021","2021","t","154214.15","A","Official value"
"TM","Detailed trade matrix","642","Romania","788","Tunisia","5910","Export quantity","0111","Wheat","2022","2022","t","218725.56","A","Official value"
"TM","Detailed trade matrix","642","Romania","788","Tunisia","5910","Export quantity","0111","Wheat","2023","2023","t","76065.77","A","Official value"
"TM","Detailed trade matrix","642","Romania","788","Tunisia","5910","Export quantity","0111","Wheat","2024","2024","t","30970.14","A","Official value"
"TM","Detailed trade matrix","642","Romania","887","Yemen","5910","Export quantity","0111","Wheat","2016","2016","t","72586.95","A","Official value"
"TM","Detailed trade matrix","642","Romania","887","Yemen","5910","Export quantity","0111","Wheat","2017","2017","t","93714.98","A","Official value"
"TM","Detailed trade matrix","642","Romania","887","Yemen","5910","Export quantity","0111","Wheat","2018","2018","t","179559.29","A","Official value"
"TM","Detailed trade matrix","642","Romania","887","Yemen","5910","Export quantity","0111","Wheat","2019","2019","t","43250.27","A","Official value"
"TM","Detailed trade matrix","642","Romania","887","Yemen","5910","Export quantity","0111","Wheat","2020","2020","t","31462.05","A","Official value"
"TM","Detailed trade matrix","642","Romania","887","Yemen","5910","Export quantity","0111","Wheat","2021","2021","t","58000","A","Official value"
"TM","Detailed trade matrix","642","Romania","887","Yemen","5910","Export quantity","0111","Wheat","2022","2022","t","136814.81","A","Official value"
"TM","Detailed trade matrix","642","Romania","887","Yemen","5910","Export quantity","0111","Wheat","2023","2023","t","117209.95","A","Official value"
"TM","Detailed trade matrix","642","Romania","887","Yemen","5910","Export quantity","0111","Wheat","2024","2024","t","25250","A","Official value"
"TM","Detailed trade matrix","643","Russian Federation","004","Afghanistan","5910","Export quantity","0111","Wheat","2018","2018","t","65","A","Official value"
"TM","Detailed trade matrix","643","Russian Federation","004","Afghanistan","5910","Export quantity","0111","Wheat","2020","2020","t","3388.75","A","Official value"
"TM","Detailed trade matrix","643","Russian Federation","004","Afghanistan","5910","Export quantity","0111","Wheat","2021","2021","t","42","A","Official value"
"TM","Detailed trade matrix","643","Russian Federation","818","Egypt","5910","Export quantity","0111","Wheat","2015","2015","t","4533808.45","A","Official value"
"TM","Detailed trade matrix","643","Russian Federation","818","Egypt","5910","Export quantity","0111","Wheat","2016","2016","t","5823786.02","A","Official value"
"TM","Detailed trade matrix","643","Russian Federation","818","Egypt","5910","Export quantity","0111","Wheat","2017","2017","t","7835346.73","A","Official value"
"TM","Detailed trade matrix","643","Russian Federation","818","Egypt","5910","Export quantity","0111","Wheat","2018","2018","t","9576778","A","Official value"
"TM","Detailed trade matrix","643","Russian Federation","818","Egypt","5910","Export quantity","0111","Wheat","2019","2019","t","6129970","A","Official value"
"TM","Detailed trade matrix","643","Russian Federation","818","Egypt","5910","Export quantity","0111","Wheat","2020","2020","t","8254555.42","A","Official value"
"TM","Detailed trade matrix","643","Russian Federation","818","Egypt","5910","Export quantity","0111","Wheat","2021","2021","t","5655477.8","A","Official value"
"TM","Detailed trade matrix","643","Russian Federation","634","Qatar","5910","Export quantity","0111","Wheat","2015","2015","t","20700","A","Official value"
"TM","Detailed trade matrix","643","Russian Federation","634","Qatar","5910","Export quantity","0111","Wheat","2016","2016","t","88370","A","Official value"
"TM","Detailed trade matrix","643","Russian Federation","634","Qatar","5910","Export quantity","0111","Wheat","2017","2017","t","97226.1","A","Official value"
"TM","Detailed trade matrix","643","Russian Federation","634","Qatar","5910","Export quantity","0111","Wheat","2018","2018","t","92665.04","A","Official value"
"TM","Detailed trade matrix","643","Russian Federation","634","Qatar","5910","Export quantity","0111","Wheat","2019","2019","t","62900","A","Official value"
"TM","Detailed trade matrix","643","Russian Federation","634","Qatar","5910","Export quantity","0111","Wheat","2020","2020","t","82000","A","Official value"
"TM","Detailed trade matrix","643","Russian Federation","706","Somalia","5910","Export quantity","0111","Wheat","2018","2018","t","20607.5","A","Official value"
"TM","Detailed trade matrix","643","Russian Federation","706","Somalia","5910","Export quantity","0111","Wheat","2019","2019","t","1372.5","A","Official value"
"TM","Detailed trade matrix","643","Russian Federation","706","Somalia","5910","Export quantity","0111","Wheat","2020","2020","t","29650","A","Official value"
"TM","Detailed trade matrix","643","Russian Federation","706","Somalia","5910","Export quantity","0111","Wheat","2021","2021","t","35502.24","A","Official value"
"TM","Detailed trade matrix","643","Russian Federation","729","Sudan","5910","Export quantity","0113","Rice","2018","2018","t","3.6","A","Official value"
"TM","Detailed trade matrix","643","Russian Federation","729","Sudan","5910","Export quantity","0111","Wheat","2015","2015","t","336122.75","A","Official value"
"TM","Detailed trade matrix","643","Russian Federation","729","Sudan","5910","Export quantity","0111","Wheat","2016","2016","t","860082.92","A","Official value"
"TM","Detailed trade matrix","643","Russian Federation","729","Sudan","5910","Export quantity","0111","Wheat","2017","2017","t","1454593.2","A","Official value"
"TM","Detailed trade matrix","643","Russian Federation","729","Sudan","5910","Export quantity","0111","Wheat","2018","2018","t","2149574","A","Official value"
"TM","Detailed trade matrix","643","Russian Federation","729","Sudan","5910","Export quantity","0111","Wheat","2019","2019","t","986953.3","A","Official value"
"TM","Detailed trade matrix","643","Russian Federation","729","Sudan","5910","Export quantity","0111","Wheat","2020","2020","t","1333408.7","A","Official value"
"TM","Detailed trade matrix","643","Russian Federation","729","Sudan","5910","Export quantity","0111","Wheat","2021","2021","t","689408","A","Official value"
"TM","Detailed trade matrix","643","Russian Federation","788","Tunisia","5910","Export quantity","0111","Wheat","2015","2015","t","83915.21","A","Official value"
"TM","Detailed trade matrix","643","Russian Federation","788","Tunisia","5910","Export quantity","0111","Wheat","2016","2016","t","117736.79","A","Official value"
"TM","Detailed trade matrix","643","Russian Federation","788","Tunisia","5910","Export quantity","0111","Wheat","2017","2017","t","274407.19","A","Official value"
"TM","Detailed trade matrix","643","Russian Federation","788","Tunisia","5910","Export quantity","0111","Wheat","2018","2018","t","220426.43","A","Official value"
"TM","Detailed trade matrix","643","Russian Federation","788","Tunisia","5910","Export quantity","0111","Wheat","2019","2019","t","79310","A","Official value"
"TM","Detailed trade matrix","643","Russian Federation","788","Tunisia","5910","Export quantity","0111","Wheat","2020","2020","t","111266.8","A","Official value"
"TM","Detailed trade matrix","643","Russian Federation","788","Tunisia","5910","Export quantity","0111","Wheat","2021","2021","t","69783.2","A","Official value"
"TM","Detailed trade matrix","643","Russian Federation","887","Yemen","5910","Export quantity","0111","Wheat","2015","2015","t","680307.32","A","Official value"
"TM","Detailed trade matrix","643","Russian Federation","887","Yemen","5910","Export quantity","0111","Wheat","2016","2016","t","889215.53","A","Official value"
"TM","Detailed trade matrix","643","Russian Federation","887","Yemen","5910","Export quantity","0111","Wheat","2017","2017","t","1435239.73","A","Official value"
"TM","Detailed trade matrix","643","Russian Federation","887","Yemen","5910","Export quantity","0111","Wheat","2018","2018","t","1343464.1","A","Official value"
"TM","Detailed trade matrix","643","Russian Federation","887","Yemen","5910","Export quantity","0111","Wheat","2019","2019","t","880507","A","Official value"
"TM","Detailed trade matrix","643","Russian Federation","887","Yemen","5910","Export quantity","0111","Wheat","2020","2020","t","796103.4","A","Official value"
"TM","Detailed trade matrix","643","Russian Federation","887","Yemen","5910","Export quantity","0111","Wheat","2021","2021","t","578742.8","A","Official value"
"TM","Detailed trade matrix","682","Saudi Arabia","634","Qatar","5910","Export quantity","0113","Rice","2023","2023","t","198.74","I","Value imputed by a receiving agency"
"TM","Detailed trade matrix","682","Saudi Arabia","634","Qatar","5910","Export quantity","0113","Rice","2024","2024","t","177.2","A","Official value"
"TM","Detailed trade matrix","682","Saudi Arabia","702","Singapore","5910","Export quantity","0113","Rice","2024","2024","t","1.5","A","Official value"
"TM","Detailed trade matrix","682","Saudi Arabia","706","Somalia","5910","Export quantity","0113","Rice","2015","2015","t","75","A","Official value"
"TM","Detailed trade matrix","682","Saudi Arabia","706","Somalia","5910","Export quantity","0113","Rice","2017","2017","t","81.6","A","Official value"
"TM","Detailed trade matrix","682","Saudi Arabia","706","Somalia","5910","Export quantity","0113","Rice","2021","2021","t","16","A","Official value"
"TM","Detailed trade matrix","682","Saudi Arabia","706","Somalia","5910","Export quantity","0113","Rice","2022","2022","t","5.86","A","Official value"
"TM","Detailed trade matrix","682","Saudi Arabia","706","Somalia","5910","Export quantity","0113","Rice","2024","2024","t","1","A","Official value"
"TM","Detailed trade matrix","682","Saudi Arabia","729","Sudan","5910","Export quantity","0113","Rice","2015","2015","t","10","A","Official value"
"TM","Detailed trade matrix","682","Saudi Arabia","729","Sudan","5910","Export quantity","0113","Rice","2020","2020","t","3.5","A","Official value"
"TM","Detailed trade matrix","682","Saudi Arabia","729","Sudan","5910","Export quantity","0113","Rice","2023","2023","t","9.53","A","Official value"
"TM","Detailed trade matrix","682","Saudi Arabia","729","Sudan","5910","Export quantity","0113","Rice","2024","2024","t","2","A","Official value"
"TM","Detailed trade matrix","682","Saudi Arabia","887","Yemen","5910","Export quantity","0113","Rice","2015","2015","t","128","A","Official value"
"TM","Detailed trade matrix","682","Saudi Arabia","887","Yemen","5910","Export quantity","0113","Rice","2016","2016","t","321","A","Official value"
"TM","Detailed trade matrix","682","Saudi Arabia","887","Yemen","5910","Export quantity","0113","Rice","2017","2017","t","1629.52","A","Official value"
"TM","Detailed trade matrix","682","Saudi Arabia","887","Yemen","5910","Export quantity","0113","Rice","2018","2018","t","2228.77","A","Official value"
"TM","Detailed trade matrix","682","Saudi Arabia","887","Yemen","5910","Export quantity","0113","Rice","2020","2020","t","48","A","Official value"
"TM","Detailed trade matrix","682","Saudi Arabia","887","Yemen","5910","Export quantity","0113","Rice","2021","2021","t","0.76","A","Official value"
"TM","Detailed trade matrix","682","Saudi Arabia","887","Yemen","5910","Export quantity","0111","Wheat","2016","2016","t","741","A","Official value"
"TM","Detailed trade matrix","682","Saudi Arabia","887","Yemen","5910","Export quantity","0111","Wheat","2017","2017","t","256.59","A","Official value"
"TM","Detailed trade matrix","682","Saudi Arabia","887","Yemen","5910","Export quantity","0111","Wheat","2018","2018","t","80","A","Official value"
"TM","Detailed trade matrix","682","Saudi Arabia","887","Yemen","5910","Export quantity","0111","Wheat","2021","2021","t","6.34","A","Official value"
"TM","Detailed trade matrix","688","Serbia","702","Singapore","5910","Export quantity","0111","Wheat","2019","2019","t","49.02","A","Official value"
"TM","Detailed trade matrix","702","Singapore","634","Qatar","5910","Export quantity","0111","Wheat","2016","2016","t","0.14","A","Official value"
"TM","Detailed trade matrix","702","Singapore","634","Qatar","5910","Export quantity","0111","Wheat","2017","2017","t","0.38","I","Value imputed by a receiving agency"
"TM","Detailed trade matrix","705","Slovenia","788","Tunisia","5910","Export quantity","0111","Wheat","2021","2021","t","5036.13","A","Official value"
"TM","Detailed trade matrix","705","Slovenia","788","Tunisia","5910","Export quantity","0111","Wheat","2022","2022","t","0.01","A","Official value"
"TM","Detailed trade matrix","705","Slovenia","788","Tunisia","5910","Export quantity","0111","Wheat","2023","2023","t","28500","A","Official value"
"TM","Detailed trade matrix","705","Slovenia","788","Tunisia","5910","Export quantity","0111","Wheat","2024","2024","t","33222.48","A","Official value"
"TM","Detailed trade matrix","710","South Africa","818","Egypt","5910","Export quantity","0113","Rice","2018","2018","t","0","A","Official value"
"TM","Detailed trade matrix","724","Spain","818","Egypt","5910","Export quantity","0111","Wheat","2020","2020","t","5800.06","A","Official value"
"TM","Detailed trade matrix","724","Spain","818","Egypt","5910","Export quantity","0111","Wheat","2023","2023","t","0.03","A","Official value"
"TM","Detailed trade matrix","724","Spain","818","Egypt","5910","Export quantity","0111","Wheat","2024","2024","t","1.01","A","Official value"
"TM","Detailed trade matrix","724","Spain","634","Qatar","5910","Export quantity","0113","Rice","2022","2022","t","0.08","A","Official value"
"TM","Detailed trade matrix","724","Spain","702","Singapore","5910","Export quantity","0113","Rice","2024","2024","t","7","A","Official value"
"TM","Detailed trade matrix","724","Spain","788","Tunisia","5910","Export quantity","0113","Rice","2021","2021","t","0","A","Official value"
"TM","Detailed trade matrix","724","Spain","788","Tunisia","5910","Export quantity","0111","Wheat","2015","2015","t","64771.3","A","Official value"
"TM","Detailed trade matrix","724","Spain","788","Tunisia","5910","Export quantity","0111","Wheat","2016","2016","t","62456.9","A","Official value"
"TM","Detailed trade matrix","724","Spain","788","Tunisia","5910","Export quantity","0111","Wheat","2017","2017","t","15796.72","A","Official value"
"TM","Detailed trade matrix","724","Spain","788","Tunisia","5910","Export quantity","0111","Wheat","2018","2018","t","174591.54","A","Official value"
"TM","Detailed trade matrix","724","Spain","788","Tunisia","5910","Export quantity","0111","Wheat","2019","2019","t","132740.96","A","Official value"
"TM","Detailed trade matrix","724","Spain","788","Tunisia","5910","Export quantity","0111","Wheat","2020","2020","t","251390.44","A","Official value"
"TM","Detailed trade matrix","724","Spain","788","Tunisia","5910","Export quantity","0111","Wheat","2021","2021","t","27500","A","Official value"
"TM","Detailed trade matrix","724","Spain","788","Tunisia","5910","Export quantity","0111","Wheat","2022","2022","t","118047.56","A","Official value"
"TM","Detailed trade matrix","724","Spain","788","Tunisia","5910","Export quantity","0111","Wheat","2023","2023","t","24839.88","A","Official value"
"TM","Detailed trade matrix","724","Spain","788","Tunisia","5910","Export quantity","0111","Wheat","2024","2024","t","130386.84","A","Official value"
"TM","Detailed trade matrix","144","Sri Lanka","634","Qatar","5910","Export quantity","0113","Rice","2019","2019","t","3.75","A","Official value"
"TM","Detailed trade matrix","144","Sri Lanka","634","Qatar","5910","Export quantity","0113","Rice","2022","2022","t","46.05","A","Official value"
"TM","Detailed trade matrix","144","Sri Lanka","634","Qatar","5910","Export quantity","0113","Rice","2023","2023","t","85.81","A","Official value"
"TM","Detailed trade matrix","144","Sri Lanka","634","Qatar","5910","Export quantity","0113","Rice","2024","2024","t","29.7","A","Official value"
"TM","Detailed trade matrix","144","Sri Lanka","702","Singapore","5910","Export quantity","0113","Rice","2021","2021","t","0.06","A","Official value"
"TM","Detailed trade matrix","144","Sri Lanka","702","Singapore","5910","Export quantity","0113","Rice","2023","2023","t","21.8","A","Official value"
"TM","Detailed trade matrix","144","Sri Lanka","702","Singapore","5910","Export quantity","0113","Rice","2024","2024","t","18.8","A","Official value"
"TM","Detailed trade matrix","144","Sri Lanka","702","Singapore","5910","Export quantity","0111","Wheat","2015","2015","t","6309.76","A","Official value"
"TM","Detailed trade matrix","144","Sri Lanka","702","Singapore","5910","Export quantity","0111","Wheat","2016","2016","t","3870.84","A","Official value"
"TM","Detailed trade matrix","144","Sri Lanka","702","Singapore","5910","Export quantity","0111","Wheat","2017","2017","t","2505.52","A","Official value"
"TM","Detailed trade matrix","144","Sri Lanka","702","Singapore","5910","Export quantity","0111","Wheat","2019","2019","t","1600","A","Official value"
"TM","Detailed trade matrix","144","Sri Lanka","702","Singapore","5910","Export quantity","0111","Wheat","2020","2020","t","2860","A","Official value"
"TM","Detailed trade matrix","144","Sri Lanka","702","Singapore","5910","Export quantity","0111","Wheat","2021","2021","t","8593.12","A","Official value"
"TM","Detailed trade matrix","144","Sri Lanka","702","Singapore","5910","Export quantity","0111","Wheat","2022","2022","t","15462.4","A","Official value"
"TM","Detailed trade matrix","144","Sri Lanka","702","Singapore","5910","Export quantity","0111","Wheat","2023","2023","t","9500","A","Official value"
"TM","Detailed trade matrix","144","Sri Lanka","702","Singapore","5910","Export quantity","0111","Wheat","2024","2024","t","10160","A","Official value"
"TM","Detailed trade matrix","752","Sweden","818","Egypt","5910","Export quantity","0111","Wheat","2024","2024","t","0.01","A","Official value"
"TM","Detailed trade matrix","752","Sweden","702","Singapore","5910","Export quantity","0111","Wheat","2015","2015","t","0.17","A","Official value"
"TM","Detailed trade matrix","752","Sweden","702","Singapore","5910","Export quantity","0111","Wheat","2020","2020","t","0.08","A","Official value"
"TM","Detailed trade matrix","752","Sweden","702","Singapore","5910","Export quantity","0111","Wheat","2022","2022","t","0.02","A","Official value"
"TM","Detailed trade matrix","752","Sweden","702","Singapore","5910","Export quantity","0111","Wheat","2023","2023","t","0.04","A","Official value"
"TM","Detailed trade matrix","756","Switzerland","634","Qatar","5910","Export quantity","0111","Wheat","2019","2019","t","0.02","A","Official value"
"TM","Detailed trade matrix","756","Switzerland","634","Qatar","5910","Export quantity","0111","Wheat","2023","2023","t","0.01","A","Official value"
"TM","Detailed trade matrix","756","Switzerland","702","Singapore","5910","Export quantity","0111","Wheat","2024","2024","t","0.03","A","Official value"
"TM","Detailed trade matrix","756","Switzerland","788","Tunisia","5910","Export quantity","0113","Rice","2019","2019","t","0","A","Official value"
"TM","Detailed trade matrix","762","Tajikistan","004","Afghanistan","5910","Export quantity","0111","Wheat","2021","2021","t","700","A","Official value"
"TM","Detailed trade matrix","762","Tajikistan","004","Afghanistan","5910","Export quantity","0111","Wheat","2022","2022","t","230","A","Official value"
"TM","Detailed trade matrix","764","Thailand","818","Egypt","5910","Export quantity","0113","Rice","2016","2016","t","0","A","Official value"
"TM","Detailed trade matrix","764","Thailand","634","Qatar","5910","Export quantity","0113","Rice","2016","2016","t","0","A","Official value"
"TM","Detailed trade matrix","764","Thailand","634","Qatar","5910","Export quantity","0111","Wheat","2020","2020","t","0.02","A","Official value"
"TM","Detailed trade matrix","764","Thailand","702","Singapore","5910","Export quantity","0113","Rice","2015","2015","t","1.08","I","Value imputed by a receiving agency"
"TM","Detailed trade matrix","764","Thailand","702","Singapore","5910","Export quantity","0113","Rice","2016","2016","t","0.96","I","Value imputed by a receiving agency"
"TM","Detailed trade matrix","764","Thailand","702","Singapore","5910","Export quantity","0113","Rice","2017","2017","t","2.07","A","Official value"
"TM","Detailed trade matrix","764","Thailand","702","Singapore","5910","Export quantity","0113","Rice","2018","2018","t","1.37","A","Official value"
"TM","Detailed trade matrix","764","Thailand","702","Singapore","5910","Export quantity","0111","Wheat","2015","2015","t","0.63","A","Official value"
"TM","Detailed trade matrix","764","Thailand","702","Singapore","5910","Export quantity","0111","Wheat","2016","2016","t","0.22","I","Value imputed by a receiving agency"
"TM","Detailed trade matrix","764","Thailand","702","Singapore","5910","Export quantity","0111","Wheat","2017","2017","t","0","A","Official value"
"TM","Detailed trade matrix","764","Thailand","702","Singapore","5910","Export quantity","0111","Wheat","2018","2018","t","0.02","I","Value imputed by a receiving agency"
"TM","Detailed trade matrix","764","Thailand","702","Singapore","5910","Export quantity","0111","Wheat","2022","2022","t","0","A","Official value"
"TM","Detailed trade matrix","792","Türkiye","004","Afghanistan","5910","Export quantity","0113","Rice","2016","2016","t","12.55","A","Official value"
"TM","Detailed trade matrix","792","Türkiye","818","Egypt","5910","Export quantity","0111","Wheat","2019","2019","t","998.21","A","Official value"
"TM","Detailed trade matrix","792","Türkiye","818","Egypt","5910","Export quantity","0111","Wheat","2020","2020","t","1500","A","Official value"
"TM","Detailed trade matrix","792","Türkiye","818","Egypt","5910","Export quantity","0111","Wheat","2021","2021","t","0.05","A","Official value"
"TM","Detailed trade matrix","792","Türkiye","818","Egypt","5910","Export quantity","0111","Wheat","2024","2024","t","8366.43","A","Official value"
"TM","Detailed trade matrix","792","Türkiye","634","Qatar","5910","Export quantity","0113","Rice","2016","2016","t","0.08","A","Official value"
"TM","Detailed trade matrix","792","Türkiye","634","Qatar","5910","Export quantity","0113","Rice","2024","2024","t","0","A","Official value"
"TM","Detailed trade matrix","792","Türkiye","634","Qatar","5910","Export quantity","0111","Wheat","2021","2021","t","0.04","A","Official value"
"TM","Detailed trade matrix","792","Türkiye","634","Qatar","5910","Export quantity","0111","Wheat","2022","2022","t","0","A","Official value"
"TM","Detailed trade matrix","792","Türkiye","634","Qatar","5910","Export quantity","0111","Wheat","2023","2023","t","132.01","A","Official value"
"TM","Detailed trade matrix","792","Türkiye","634","Qatar","5910","Export quantity","0111","Wheat","2024","2024","t","0.14","A","Official value"
"TM","Detailed trade matrix","792","Türkiye","702","Singapore","5910","Export quantity","0113","Rice","2019","2019","t","1.8","A","Official value"
"TM","Detailed trade matrix","792","Türkiye","702","Singapore","5910","Export quantity","0113","Rice","2020","2020","t","1.6","A","Official value"
"TM","Detailed trade matrix","792","Türkiye","702","Singapore","5910","Export quantity","0113","Rice","2021","2021","t","1.83","A","Official value"
"TM","Detailed trade matrix","792","Türkiye","702","Singapore","5910","Export quantity","0113","Rice","2022","2022","t","0.85","A","Official value"
"TM","Detailed trade matrix","792","Türkiye","702","Singapore","5910","Export quantity","0113","Rice","2023","2023","t","1.14","A","Official value"
"TM","Detailed trade matrix","792","Türkiye","702","Singapore","5910","Export quantity","0113","Rice","2024","2024","t","2","A","Official value"
"TM","Detailed trade matrix","792","Türkiye","702","Singapore","5910","Export quantity","0111","Wheat","2020","2020","t","0.01","A","Official value"
"TM","Detailed trade matrix","792","Türkiye","702","Singapore","5910","Export quantity","0111","Wheat","2024","2024","t","0.11","A","Official value"
"TM","Detailed trade matrix","792","Türkiye","706","Somalia","5910","Export quantity","0113","Rice","2017","2017","t","4","A","Official value"
"TM","Detailed trade matrix","792","Türkiye","706","Somalia","5910","Export quantity","0113","Rice","2018","2018","t","4.13","A","Official value"
"TM","Detailed trade matrix","792","Türkiye","706","Somalia","5910","Export quantity","0111","Wheat","2017","2017","t","0.2","A","Official value"
"TM","Detailed trade matrix","792","Türkiye","706","Somalia","5910","Export quantity","0111","Wheat","2018","2018","t","0.05","A","Official value"
"TM","Detailed trade matrix","792","Türkiye","706","Somalia","5910","Export quantity","0111","Wheat","2022","2022","t","1000","A","Official value"
"TM","Detailed trade matrix","792","Türkiye","729","Sudan","5910","Export quantity","0113","Rice","2016","2016","t","1.05","A","Official value"
"TM","Detailed trade matrix","792","Türkiye","729","Sudan","5910","Export quantity","0111","Wheat","2017","2017","t","500","A","Official value"
"TM","Detailed trade matrix","792","Türkiye","729","Sudan","5910","Export quantity","0111","Wheat","2018","2018","t","512","A","Official value"
"TM","Detailed trade matrix","792","Türkiye","729","Sudan","5910","Export quantity","0111","Wheat","2021","2021","t","5","A","Official value"
"TM","Detailed trade matrix","792","Türkiye","729","Sudan","5910","Export quantity","0111","Wheat","2022","2022","t","317","A","Official value"
"TM","Detailed trade matrix","792","Türkiye","788","Tunisia","5910","Export quantity","0111","Wheat","2023","2023","t","145588.75","A","Official value"
"TM","Detailed trade matrix","792","Türkiye","788","Tunisia","5910","Export quantity","0111","Wheat","2024","2024","t","71447.9","A","Official value"
"TM","Detailed trade matrix","792","Türkiye","887","Yemen","5910","Export quantity","0111","Wheat","2022","2022","t","0.08","A","Official value"
"TM","Detailed trade matrix","804","Ukraine","818","Egypt","5910","Export quantity","0113","Rice","2017","2017","t","0.25","A","Official value"
"TM","Detailed trade matrix","804","Ukraine","818","Egypt","5910","Export quantity","0111","Wheat","2015","2015","t","1803064.93","A","Official value"
"TM","Detailed trade matrix","804","Ukraine","818","Egypt","5910","Export quantity","0111","Wheat","2016","2016","t","2407005.61","A","Official value"
"TM","Detailed trade matrix","804","Ukraine","818","Egypt","5910","Export quantity","0111","Wheat","2017","2017","t","2659338.54","A","Official value"
"TM","Detailed trade matrix","804","Ukraine","818","Egypt","5910","Export quantity","0111","Wheat","2018","2018","t","1396267.62","A","Official value"
"TM","Detailed trade matrix","804","Ukraine","818","Egypt","5910","Export quantity","0111","Wheat","2019","2019","t","3537990.84","A","Official value"
"TM","Detailed trade matrix","804","Ukraine","818","Egypt","5910","Export quantity","0111","Wheat","2020","2020","t","3075223.92","A","Official value"
"TM","Detailed trade matrix","804","Ukraine","818","Egypt","5910","Export quantity","0111","Wheat","2021","2021","t","3401371.7","A","Official value"
"TM","Detailed trade matrix","804","Ukraine","818","Egypt","5910","Export quantity","0111","Wheat","2022","2022","t","873283.18","A","Official value"
"TM","Detailed trade matrix","804","Ukraine","818","Egypt","5910","Export quantity","0111","Wheat","2023","2023","t","1163578.95","A","Official value"
"TM","Detailed trade matrix","804","Ukraine","818","Egypt","5910","Export quantity","0111","Wheat","2024","2024","t","1913130","A","Official value"
"TM","Detailed trade matrix","804","Ukraine","634","Qatar","5910","Export quantity","0111","Wheat","2016","2016","t","25","A","Official value"
"TM","Detailed trade matrix","804","Ukraine","634","Qatar","5910","Export quantity","0111","Wheat","2018","2018","t","20703.15","A","Official value"
"TM","Detailed trade matrix","804","Ukraine","634","Qatar","5910","Export quantity","0111","Wheat","2019","2019","t","22343.26","A","Official value"
"TM","Detailed trade matrix","804","Ukraine","634","Qatar","5910","Export quantity","0111","Wheat","2020","2020","t","40611.17","A","Official value"
"TM","Detailed trade matrix","804","Ukraine","634","Qatar","5910","Export quantity","0111","Wheat","2021","2021","t","80.25","A","Official value"
"TM","Detailed trade matrix","804","Ukraine","634","Qatar","5910","Export quantity","0111","Wheat","2023","2023","t","240.52","A","Official value"
"TM","Detailed trade matrix","804","Ukraine","634","Qatar","5910","Export quantity","0111","Wheat","2024","2024","t","261.1","A","Official value"
"TM","Detailed trade matrix","804","Ukraine","702","Singapore","5910","Export quantity","0111","Wheat","2015","2015","t","5122.99","A","Official value"
"TM","Detailed trade matrix","804","Ukraine","702","Singapore","5910","Export quantity","0111","Wheat","2016","2016","t","62454.76","A","Official value"
"TM","Detailed trade matrix","804","Ukraine","702","Singapore","5910","Export quantity","0111","Wheat","2017","2017","t","310.81","A","Official value"
"TM","Detailed trade matrix","804","Ukraine","702","Singapore","5910","Export quantity","0111","Wheat","2018","2018","t","3397.53","A","Official value"
"TM","Detailed trade matrix","804","Ukraine","702","Singapore","5910","Export quantity","0111","Wheat","2019","2019","t","1106.02","A","Official value"
"TM","Detailed trade matrix","804","Ukraine","702","Singapore","5910","Export quantity","0111","Wheat","2023","2023","t","2368.42","A","Official value"
"TM","Detailed trade matrix","804","Ukraine","702","Singapore","5910","Export quantity","0111","Wheat","2024","2024","t","3752.49","A","Official value"
"TM","Detailed trade matrix","804","Ukraine","706","Somalia","5910","Export quantity","0111","Wheat","2016","2016","t","7867.5","A","Official value"
"TM","Detailed trade matrix","804","Ukraine","706","Somalia","5910","Export quantity","0111","Wheat","2017","2017","t","24999.95","A","Official value"
"TM","Detailed trade matrix","804","Ukraine","706","Somalia","5910","Export quantity","0111","Wheat","2020","2020","t","40000","A","Official value"
"TM","Detailed trade matrix","804","Ukraine","706","Somalia","5910","Export quantity","0111","Wheat","2021","2021","t","30792.06","A","Official value"
"TM","Detailed trade matrix","804","Ukraine","706","Somalia","5910","Export quantity","0111","Wheat","2022","2022","t","83799.97","A","Official value"
"TM","Detailed trade matrix","804","Ukraine","729","Sudan","5910","Export quantity","0111","Wheat","2015","2015","t","35525.25","A","Official value"
"TM","Detailed trade matrix","804","Ukraine","729","Sudan","5910","Export quantity","0111","Wheat","2017","2017","t","115087.23","A","Official value"
"TM","Detailed trade matrix","804","Ukraine","729","Sudan","5910","Export quantity","0111","Wheat","2018","2018","t","91680.54","A","Official value"
"TM","Detailed trade matrix","804","Ukraine","729","Sudan","5910","Export quantity","0111","Wheat","2019","2019","t","160116.22","A","Official value"
"TM","Detailed trade matrix","804","Ukraine","729","Sudan","5910","Export quantity","0111","Wheat","2020","2020","t","109548.97","A","Official value"
"TM","Detailed trade matrix","804","Ukraine","729","Sudan","5910","Export quantity","0111","Wheat","2021","2021","t","10916.87","A","Official value"
"TM","Detailed trade matrix","804","Ukraine","729","Sudan","5910","Export quantity","0111","Wheat","2022","2022","t","119239.95","A","Official value"
"TM","Detailed trade matrix","804","Ukraine","788","Tunisia","5910","Export quantity","0111","Wheat","2015","2015","t","618328.57","A","Official value"
"TM","Detailed trade matrix","804","Ukraine","788","Tunisia","5910","Export quantity","0111","Wheat","2016","2016","t","390155.06","A","Official value"
"TM","Detailed trade matrix","804","Ukraine","788","Tunisia","5910","Export quantity","0111","Wheat","2017","2017","t","818131.36","A","Official value"
"TM","Detailed trade matrix","804","Ukraine","788","Tunisia","5910","Export quantity","0111","Wheat","2018","2018","t","1026529.64","A","Official value"
"TM","Detailed trade matrix","804","Ukraine","788","Tunisia","5910","Export quantity","0111","Wheat","2019","2019","t","1017242.38","A","Official value"
"TM","Detailed trade matrix","804","Ukraine","788","Tunisia","5910","Export quantity","0111","Wheat","2020","2020","t","984016.14","A","Official value"
"TM","Detailed trade matrix","804","Ukraine","788","Tunisia","5910","Export quantity","0111","Wheat","2021","2021","t","618070.54","A","Official value"
"TM","Detailed trade matrix","804","Ukraine","788","Tunisia","5910","Export quantity","0111","Wheat","2022","2022","t","273108.6","A","Official value"
"TM","Detailed trade matrix","804","Ukraine","788","Tunisia","5910","Export quantity","0111","Wheat","2023","2023","t","142812.2","A","Official value"
"TM","Detailed trade matrix","804","Ukraine","788","Tunisia","5910","Export quantity","0111","Wheat","2024","2024","t","846878","A","Official value"
"TM","Detailed trade matrix","804","Ukraine","887","Yemen","5910","Export quantity","0111","Wheat","2015","2015","t","64688","A","Official value"
"TM","Detailed trade matrix","804","Ukraine","887","Yemen","5910","Export quantity","0111","Wheat","2017","2017","t","158350.05","A","Official value"
"TM","Detailed trade matrix","804","Ukraine","887","Yemen","5910","Export quantity","0111","Wheat","2018","2018","t","519585.93","A","Official value"
"TM","Detailed trade matrix","804","Ukraine","887","Yemen","5910","Export quantity","0111","Wheat","2019","2019","t","665524.11","A","Official value"
"TM","Detailed trade matrix","804","Ukraine","887","Yemen","5910","Export quantity","0111","Wheat","2020","2020","t","708249.27","A","Official value"
"TM","Detailed trade matrix","804","Ukraine","887","Yemen","5910","Export quantity","0111","Wheat","2021","2021","t","777571.76","A","Official value"
"TM","Detailed trade matrix","804","Ukraine","887","Yemen","5910","Export quantity","0111","Wheat","2022","2022","t","303933.72","A","Official value"
"TM","Detailed trade matrix","804","Ukraine","887","Yemen","5910","Export quantity","0111","Wheat","2023","2023","t","107303.89","A","Official value"
"TM","Detailed trade matrix","804","Ukraine","887","Yemen","5910","Export quantity","0111","Wheat","2024","2024","t","416897","A","Official value"
"TM","Detailed trade matrix","784","United Arab Emirates","004","Afghanistan","5910","Export quantity","0113","Rice","2019","2019","t","4.71","A","Official value"
"TM","Detailed trade matrix","784","United Arab Emirates","004","Afghanistan","5910","Export quantity","0113","Rice","2020","2020","t","7.17","A","Official value"
"TM","Detailed trade matrix","784","United Arab Emirates","004","Afghanistan","5910","Export quantity","0113","Rice","2022","2022","t","5.17","A","Official value"
"TM","Detailed trade matrix","784","United Arab Emirates","004","Afghanistan","5910","Export quantity","0111","Wheat","2015","2015","t","4.2","A","Official value"
"TM","Detailed trade matrix","784","United Arab Emirates","004","Afghanistan","5910","Export quantity","0111","Wheat","2019","2019","t","0.4","A","Official value"
"TM","Detailed trade matrix","784","United Arab Emirates","004","Afghanistan","5910","Export quantity","0111","Wheat","2020","2020","t","1.03","A","Official value"
"TM","Detailed trade matrix","784","United Arab Emirates","818","Egypt","5910","Export quantity","0111","Wheat","2021","2021","t","0.25","A","Official value"
"TM","Detailed trade matrix","784","United Arab Emirates","634","Qatar","5910","Export quantity","0113","Rice","2015","2015","t","103.18","A","Official value"
"TM","Detailed trade matrix","784","United Arab Emirates","634","Qatar","5910","Export quantity","0113","Rice","2016","2016","t","177.25","A","Official value"
"TM","Detailed trade matrix","784","United Arab Emirates","634","Qatar","5910","Export quantity","0113","Rice","2022","2022","t","10.24","A","Official value"
"TM","Detailed trade matrix","784","United Arab Emirates","634","Qatar","5910","Export quantity","0113","Rice","2023","2023","t","5.62","A","Official value"
"TM","Detailed trade matrix","784","United Arab Emirates","634","Qatar","5910","Export quantity","0111","Wheat","2015","2015","t","50","A","Official value"
"TM","Detailed trade matrix","784","United Arab Emirates","634","Qatar","5910","Export quantity","0111","Wheat","2023","2023","t","59.22","A","Official value"
"TM","Detailed trade matrix","784","United Arab Emirates","706","Somalia","5910","Export quantity","0113","Rice","2018","2018","t","0.09","A","Official value"
"TM","Detailed trade matrix","784","United Arab Emirates","706","Somalia","5910","Export quantity","0113","Rice","2020","2020","t","12","A","Official value"
"TM","Detailed trade matrix","784","United Arab Emirates","706","Somalia","5910","Export quantity","0111","Wheat","2015","2015","t","82","A","Official value"
"TM","Detailed trade matrix","784","United Arab Emirates","706","Somalia","5910","Export quantity","0111","Wheat","2016","2016","t","44.04","A","Official value"
"TM","Detailed trade matrix","784","United Arab Emirates","706","Somalia","5910","Export quantity","0111","Wheat","2017","2017","t","27.4","A","Official value"
"TM","Detailed trade matrix","784","United Arab Emirates","706","Somalia","5910","Export quantity","0111","Wheat","2018","2018","t","601.62","A","Official value"
"TM","Detailed trade matrix","784","United Arab Emirates","706","Somalia","5910","Export quantity","0111","Wheat","2019","2019","t","175","A","Official value"
"TM","Detailed trade matrix","784","United Arab Emirates","706","Somalia","5910","Export quantity","0111","Wheat","2020","2020","t","315.52","A","Official value"
"TM","Detailed trade matrix","784","United Arab Emirates","706","Somalia","5910","Export quantity","0111","Wheat","2021","2021","t","206.77","A","Official value"
"TM","Detailed trade matrix","784","United Arab Emirates","706","Somalia","5910","Export quantity","0111","Wheat","2022","2022","t","258.87","A","Official value"
"TM","Detailed trade matrix","784","United Arab Emirates","706","Somalia","5910","Export quantity","0111","Wheat","2023","2023","t","1705.41","A","Official value"
"TM","Detailed trade matrix","784","United Arab Emirates","729","Sudan","5910","Export quantity","0113","Rice","2020","2020","t","55.61","A","Official value"
"TM","Detailed trade matrix","784","United Arab Emirates","729","Sudan","5910","Export quantity","0111","Wheat","2021","2021","t","13.7","A","Official value"
"TM","Detailed trade matrix","784","United Arab Emirates","729","Sudan","5910","Export quantity","0111","Wheat","2022","2022","t","6.5","A","Official value"
"TM","Detailed trade matrix","784","United Arab Emirates","788","Tunisia","5910","Export quantity","0111","Wheat","2021","2021","t","0.01","A","Official value"
"TM","Detailed trade matrix","784","United Arab Emirates","887","Yemen","5910","Export quantity","0113","Rice","2015","2015","t","2.1","A","Official value"
"TM","Detailed trade matrix","784","United Arab Emirates","887","Yemen","5910","Export quantity","0113","Rice","2016","2016","t","8.2","A","Official value"
"TM","Detailed trade matrix","784","United Arab Emirates","887","Yemen","5910","Export quantity","0113","Rice","2018","2018","t","608.7","A","Official value"
"TM","Detailed trade matrix","784","United Arab Emirates","887","Yemen","5910","Export quantity","0113","Rice","2019","2019","t","87.42","A","Official value"
"TM","Detailed trade matrix","784","United Arab Emirates","887","Yemen","5910","Export quantity","0113","Rice","2020","2020","t","210.22","A","Official value"
"TM","Detailed trade matrix","784","United Arab Emirates","887","Yemen","5910","Export quantity","0113","Rice","2021","2021","t","27.94","A","Official value"
"TM","Detailed trade matrix","784","United Arab Emirates","887","Yemen","5910","Export quantity","0113","Rice","2022","2022","t","489.7","A","Official value"
"TM","Detailed trade matrix","784","United Arab Emirates","887","Yemen","5910","Export quantity","0113","Rice","2023","2023","t","140.93","I","Value imputed by a receiving agency"
"TM","Detailed trade matrix","784","United Arab Emirates","887","Yemen","5910","Export quantity","0111","Wheat","2015","2015","t","0.05","A","Official value"
"TM","Detailed trade matrix","784","United Arab Emirates","887","Yemen","5910","Export quantity","0111","Wheat","2016","2016","t","0.2","A","Official value"
"TM","Detailed trade matrix","784","United Arab Emirates","887","Yemen","5910","Export quantity","0111","Wheat","2017","2017","t","259","A","Official value"
"TM","Detailed trade matrix","784","United Arab Emirates","887","Yemen","5910","Export quantity","0111","Wheat","2018","2018","t","10056.81","A","Official value"
"TM","Detailed trade matrix","784","United Arab Emirates","887","Yemen","5910","Export quantity","0111","Wheat","2019","2019","t","2.15","A","Official value"
"TM","Detailed trade matrix","784","United Arab Emirates","887","Yemen","5910","Export quantity","0111","Wheat","2020","2020","t","1.1","A","Official value"
"TM","Detailed trade matrix","784","United Arab Emirates","887","Yemen","5910","Export quantity","0111","Wheat","2021","2021","t","5.7","A","Official value"
"TM","Detailed trade matrix","784","United Arab Emirates","887","Yemen","5910","Export quantity","0111","Wheat","2022","2022","t","94.5","A","Official value"
"TM","Detailed trade matrix","784","United Arab Emirates","887","Yemen","5910","Export quantity","0111","Wheat","2023","2023","t","1.92","A","Official value"
"TM","Detailed trade matrix","826","United Kingdom of Great Britain and Northern Ireland","634","Qatar","5910","Export quantity","0111","Wheat","2015","2015","t","0.3","A","Official value"
"TM","Detailed trade matrix","826","United Kingdom of Great Britain and Northern Ireland","634","Qatar","5910","Export quantity","0111","Wheat","2017","2017","t","15.75","A","Official value"
"TM","Detailed trade matrix","826","United Kingdom of Great Britain and Northern Ireland","634","Qatar","5910","Export quantity","0111","Wheat","2018","2018","t","0.01","A","Official value"
"TM","Detailed trade matrix","826","United Kingdom of Great Britain and Northern Ireland","634","Qatar","5910","Export quantity","0111","Wheat","2020","2020","t","2.22","A","Official value"
"TM","Detailed trade matrix","826","United Kingdom of Great Britain and Northern Ireland","634","Qatar","5910","Export quantity","0111","Wheat","2021","2021","t","1.75","A","Official value"
"TM","Detailed trade matrix","826","United Kingdom of Great Britain and Northern Ireland","702","Singapore","5910","Export quantity","0113","Rice","2018","2018","t","0.02","A","Official value"
"TM","Detailed trade matrix","826","United Kingdom of Great Britain and Northern Ireland","702","Singapore","5910","Export quantity","0111","Wheat","2015","2015","t","28.2","A","Official value"
"TM","Detailed trade matrix","826","United Kingdom of Great Britain and Northern Ireland","702","Singapore","5910","Export quantity","0111","Wheat","2016","2016","t","0.16","A","Official value"
"TM","Detailed trade matrix","826","United Kingdom of Great Britain and Northern Ireland","702","Singapore","5910","Export quantity","0111","Wheat","2022","2022","t","0.65","A","Official value"
"TM","Detailed trade matrix","826","United Kingdom of Great Britain and Northern Ireland","702","Singapore","5910","Export quantity","0111","Wheat","2023","2023","t","0.05","A","Official value"
"TM","Detailed trade matrix","826","United Kingdom of Great Britain and Northern Ireland","706","Somalia","5910","Export quantity","0113","Rice","2017","2017","t","10","A","Official value"
"TM","Detailed trade matrix","826","United Kingdom of Great Britain and Northern Ireland","729","Sudan","5910","Export quantity","0111","Wheat","2016","2016","t","0.14","A","Official value"
"TM","Detailed trade matrix","826","United Kingdom of Great Britain and Northern Ireland","729","Sudan","5910","Export quantity","0111","Wheat","2019","2019","t","4","A","Official value"
"TM","Detailed trade matrix","826","United Kingdom of Great Britain and Northern Ireland","788","Tunisia","5910","Export quantity","0111","Wheat","2015","2015","t","53041.4","A","Official value"
"TM","Detailed trade matrix","826","United Kingdom of Great Britain and Northern Ireland","788","Tunisia","5910","Export quantity","0111","Wheat","2016","2016","t","132477.5","A","Official value"
"TM","Detailed trade matrix","826","United Kingdom of Great Britain and Northern Ireland","887","Yemen","5910","Export quantity","0113","Rice","2019","2019","t","38","A","Official value"
"TM","Detailed trade matrix","834","United Republic of Tanzania","729","Sudan","5910","Export quantity","0113","Rice","2017","2017","t","0.09","A","Official value"
"TM","Detailed trade matrix","834","United Republic of Tanzania","729","Sudan","5910","Export quantity","0111","Wheat","2021","2021","t","1000","A","Official value"
"TM","Detailed trade matrix","834","United Republic of Tanzania","788","Tunisia","5910","Export quantity","0113","Rice","2022","2022","t","0.03","A","Official value"
"TM","Detailed trade matrix","840","United States of America","004","Afghanistan","5910","Export quantity","0111","Wheat","2015","2015","t","30020","A","Official value"
"TM","Detailed trade matrix","840","United States of America","818","Egypt","5910","Export quantity","0113","Rice","2021","2021","t","1.07","A","Official value"
"TM","Detailed trade matrix","840","United States of America","818","Egypt","5910","Export quantity","0111","Wheat","2015","2015","t","354424","A","Official value"
"TM","Detailed trade matrix","840","United States of America","818","Egypt","5910","Export quantity","0111","Wheat","2016","2016","t","82270","A","Official value"
"TM","Detailed trade matrix","840","United States of America","818","Egypt","5910","Export quantity","0111","Wheat","2017","2017","t","180349","A","Official value"
"TM","Detailed trade matrix","840","United States of America","818","Egypt","5910","Export quantity","0111","Wheat","2018","2018","t","120672","A","Official value"
"TM","Detailed trade matrix","840","United States of America","818","Egypt","5910","Export quantity","0111","Wheat","2019","2019","t","827918.43","A","Official value"
"TM","Detailed trade matrix","840","United States of America","818","Egypt","5910","Export quantity","0111","Wheat","2020","2020","t","50722","A","Official value"
"TM","Detailed trade matrix","840","United States of America","818","Egypt","5910","Export quantity","0111","Wheat","2021","2021","t","152947","A","Official value"
"TM","Detailed trade matrix","840","United States of America","818","Egypt","5910","Export quantity","0111","Wheat","2022","2022","t","262732","A","Official value"
"TM","Detailed trade matrix","840","United States of America","818","Egypt","5910","Export quantity","0111","Wheat","2023","2023","t","135345.45","A","Official value"
"TM","Detailed trade matrix","840","United States of America","818","Egypt","5910","Export quantity","0111","Wheat","2024","2024","t","97094","A","Official value"
"TM","Detailed trade matrix","840","United States of America","634","Qatar","5910","Export quantity","0111","Wheat","2017","2017","t","22.26","A","Official value"
"TM","Detailed trade matrix","840","United States of America","634","Qatar","5910","Export quantity","0111","Wheat","2018","2018","t","35","A","Official value"
"TM","Detailed trade matrix","840","United States of America","634","Qatar","5910","Export quantity","0111","Wheat","2020","2020","t","129.07","A","Official value"
"TM","Detailed trade matrix","840","United States of America","634","Qatar","5910","Export quantity","0111","Wheat","2021","2021","t","25.03","A","Official value"
"TM","Detailed trade matrix","840","United States of America","634","Qatar","5910","Export quantity","0111","Wheat","2022","2022","t","4164.42","A","Official value"
"TM","Detailed trade matrix","840","United States of America","634","Qatar","5910","Export quantity","0111","Wheat","2023","2023","t","502.88","A","Official value"
"TM","Detailed trade matrix","840","United States of America","634","Qatar","5910","Export quantity","0111","Wheat","2024","2024","t","117","A","Official value"
"TM","Detailed trade matrix","840","United States of America","702","Singapore","5910","Export quantity","0111","Wheat","2015","2015","t","57221","A","Official value"
"TM","Detailed trade matrix","840","United States of America","702","Singapore","5910","Export quantity","0111","Wheat","2016","2016","t","67241","A","Official value"
"TM","Detailed trade matrix","840","United States of America","702","Singapore","5910","Export quantity","0111","Wheat","2017","2017","t","45100","A","Official value"
"TM","Detailed trade matrix","840","United States of America","702","Singapore","5910","Export quantity","0111","Wheat","2018","2018","t","67196","A","Official value"
"TM","Detailed trade matrix","840","United States of America","702","Singapore","5910","Export quantity","0111","Wheat","2019","2019","t","79724.87","A","Official value"
"TM","Detailed trade matrix","840","United States of America","702","Singapore","5910","Export quantity","0111","Wheat","2020","2020","t","58307","A","Official value"
"TM","Detailed trade matrix","840","United States of America","702","Singapore","5910","Export quantity","0111","Wheat","2021","2021","t","62218","A","Official value"
"TM","Detailed trade matrix","840","United States of America","702","Singapore","5910","Export quantity","0111","Wheat","2022","2022","t","46369","A","Official value"
"TM","Detailed trade matrix","840","United States of America","702","Singapore","5910","Export quantity","0111","Wheat","2023","2023","t","68200","A","Official value"
"TM","Detailed trade matrix","840","United States of America","702","Singapore","5910","Export quantity","0111","Wheat","2024","2024","t","26716","A","Official value"
"TM","Detailed trade matrix","840","United States of America","706","Somalia","5910","Export quantity","0113","Rice","2021","2021","t","33.71","A","Official value"
"TM","Detailed trade matrix","840","United States of America","706","Somalia","5910","Export quantity","0111","Wheat","2022","2022","t","44830","A","Official value"
"TM","Detailed trade matrix","840","United States of America","729","Sudan","5910","Export quantity","0111","Wheat","2017","2017","t","51442","A","Official value"
"TM","Detailed trade matrix","840","United States of America","729","Sudan","5910","Export quantity","0111","Wheat","2019","2019","t","53090","A","Official value"
"TM","Detailed trade matrix","840","United States of America","729","Sudan","5910","Export quantity","0111","Wheat","2021","2021","t","253000","A","Official value"
"TM","Detailed trade matrix","840","United States of America","788","Tunisia","5910","Export quantity","0111","Wheat","2015","2015","t","61497","A","Official value"
"TM","Detailed trade matrix","840","United States of America","788","Tunisia","5910","Export quantity","0111","Wheat","2019","2019","t","31108","A","Official value"
"TM","Detailed trade matrix","840","United States of America","788","Tunisia","5910","Export quantity","0111","Wheat","2020","2020","t","30416","A","Official value"
"TM","Detailed trade matrix","840","United States of America","788","Tunisia","5910","Export quantity","0111","Wheat","2021","2021","t","27000","A","Official value"
"TM","Detailed trade matrix","840","United States of America","788","Tunisia","5910","Export quantity","0111","Wheat","2022","2022","t","48335","A","Official value"
"TM","Detailed trade matrix","840","United States of America","788","Tunisia","5910","Export quantity","0111","Wheat","2023","2023","t","27050","A","Official value"
"TM","Detailed trade matrix","840","United States of America","887","Yemen","5910","Export quantity","0111","Wheat","2015","2015","t","389013.01","A","Official value"
"TM","Detailed trade matrix","840","United States of America","887","Yemen","5910","Export quantity","0111","Wheat","2016","2016","t","463364.99","A","Official value"
"TM","Detailed trade matrix","840","United States of America","887","Yemen","5910","Export quantity","0111","Wheat","2017","2017","t","442004","A","Official value"
"TM","Detailed trade matrix","840","United States of America","887","Yemen","5910","Export quantity","0111","Wheat","2018","2018","t","480382","A","Official value"
"TM","Detailed trade matrix","840","United States of America","887","Yemen","5910","Export quantity","0111","Wheat","2019","2019","t","739849","A","Official value"
"TM","Detailed trade matrix","840","United States of America","887","Yemen","5910","Export quantity","0111","Wheat","2020","2020","t","865118","A","Official value"
"TM","Detailed trade matrix","840","United States of America","887","Yemen","5910","Export quantity","0111","Wheat","2021","2021","t","516120","A","Official value"
"TM","Detailed trade matrix","840","United States of America","887","Yemen","5910","Export quantity","0111","Wheat","2022","2022","t","678398","A","Official value"
"TM","Detailed trade matrix","840","United States of America","887","Yemen","5910","Export quantity","0111","Wheat","2023","2023","t","328740","A","Official value"
"TM","Detailed trade matrix","840","United States of America","887","Yemen","5910","Export quantity","0111","Wheat","2024","2024","t","169150","A","Official value"
"TM","Detailed trade matrix","858","Uruguay","818","Egypt","5910","Export quantity","0111","Wheat","2021","2021","t","32998.9","A","Official value"
"TM","Detailed trade matrix","860","Uzbekistan","004","Afghanistan","5910","Export quantity","0111","Wheat","2017","2017","t","271201","A","Official value"
"TM","Detailed trade matrix","860","Uzbekistan","004","Afghanistan","5910","Export quantity","0111","Wheat","2018","2018","t","104673.8","A","Official value"
"TM","Detailed trade matrix","860","Uzbekistan","004","Afghanistan","5910","Export quantity","0111","Wheat","2019","2019","t","61157.45","A","Official value"
"TM","Detailed trade matrix","860","Uzbekistan","004","Afghanistan","5910","Export quantity","0111","Wheat","2020","2020","t","10847.1","A","Official value"
"TM","Detailed trade matrix","860","Uzbekistan","004","Afghanistan","5910","Export quantity","0111","Wheat","2021","2021","t","1036.94","A","Official value"
"TM","Detailed trade matrix","860","Uzbekistan","004","Afghanistan","5910","Export quantity","0111","Wheat","2022","2022","t","8030.21","A","Official value"
"TM","Detailed trade matrix","860","Uzbekistan","004","Afghanistan","5910","Export quantity","0111","Wheat","2023","2023","t","34852.46","A","Official value"
"TM","Detailed trade matrix","860","Uzbekistan","004","Afghanistan","5910","Export quantity","0111","Wheat","2024","2024","t","22816.39","A","Official value"
"TM","Detailed trade matrix","704","Viet Nam","702","Singapore","5910","Export quantity","0113","Rice","2021","2021","t","0.47","A","Official value"
"TM","Detailed trade matrix","887","Yemen","706","Somalia","5910","Export quantity","0111","Wheat","2015","2015","t","0.8","A","Official value"
